-- phpMyAdmin SQL Dump
-- version 5.1.1
-- https://www.phpmyadmin.net/
--
-- Máy chủ: 127.0.0.1
-- Thời gian đã tạo: Th9 02, 2021 lúc 12:34 PM
-- Phiên bản máy phục vụ: 10.4.20-MariaDB
-- Phiên bản PHP: 8.0.8

SET SQL_MODE = "NO_AUTO_VALUE_ON_ZERO";
START TRANSACTION;
SET time_zone = "+00:00";


/*!40101 SET @OLD_CHARACTER_SET_CLIENT=@@CHARACTER_SET_CLIENT */;
/*!40101 SET @OLD_CHARACTER_SET_RESULTS=@@CHARACTER_SET_RESULTS */;
/*!40101 SET @OLD_COLLATION_CONNECTION=@@COLLATION_CONNECTION */;
/*!40101 SET NAMES utf8mb4 */;

--
-- Cơ sở dữ liệu: `bsong`
--

-- --------------------------------------------------------

--
-- Cấu trúc bảng cho bảng `categories`
--

CREATE TABLE `categories` (
  `id` int(11) NOT NULL,
  `name` varchar(255) CHARACTER SET utf8mb4 COLLATE utf8mb4_vietnamese_ci NOT NULL
) ENGINE=InnoDB DEFAULT CHARSET=utf8 COLLATE=utf8_unicode_ci;

--
-- Đang đổ dữ liệu cho bảng `categories`
--

INSERT INTO `categories` (`id`, `name`) VALUES
(1, 'Nhạc trẻ'),
(2, 'Nhạc trữ tình'),
(3, 'Rock Việt'),
(4, 'Nhạc Trịnh'),
(5, 'Hip Hop Việt'),
(9, 'Nhạc dân ca'),
(10, 'Nhạc US-UK'),
(11, 'Nhạc Hàn Quốc');

-- --------------------------------------------------------

--
-- Cấu trúc bảng cho bảng `contacts`
--

CREATE TABLE `contacts` (
  `id` int(11) NOT NULL,
  `name` varchar(255) COLLATE utf8_unicode_ci NOT NULL,
  `email` varchar(255) COLLATE utf8_unicode_ci NOT NULL,
  `website` varchar(255) COLLATE utf8_unicode_ci DEFAULT NULL,
  `message` text COLLATE utf8_unicode_ci NOT NULL
) ENGINE=InnoDB DEFAULT CHARSET=utf8 COLLATE=utf8_unicode_ci;

--
-- Đang đổ dữ liệu cho bảng `contacts`
--

INSERT INTO `contacts` (`id`, `name`, `email`, `website`, `message`) VALUES
(1, 'Nguyễn Văn A', 'nguyenvana@gmail.com', 'http://vinaenter.edu.vn', 'Website cần hoàn thiện hơn nữa'),
(2, 'Trần Văn B', 'tranvanb@gmail.com', 'http://vinaenter.edu.vn', 'Admin đẹp trai lắm'),
(3, 'Lâm Tâm C', 'tamc@gmail.com', 'http://vinaenter.edu.vn', 'Dịch vụ của website rất tốt'),
(8, 'Nguyễn Bảo Trung', 'trung0961191362@gmail.com', 'facebook.com', '123456789'),
(9, 'Bách khoa Đà Nẵng', '106160054@sv.dut.edu.vn', 'facebook.com', '9999999999999999999999999999');

-- --------------------------------------------------------

--
-- Cấu trúc bảng cho bảng `songs`
--

CREATE TABLE `songs` (
  `id` int(11) NOT NULL,
  `name` varchar(255) COLLATE utf8_unicode_ci NOT NULL,
  `preview_text` text COLLATE utf8_unicode_ci NOT NULL,
  `detail_text` text COLLATE utf8_unicode_ci NOT NULL,
  `date_create` timestamp NOT NULL DEFAULT current_timestamp(),
  `id_cat` int(11) NOT NULL,
  `picture` varchar(255) COLLATE utf8_unicode_ci NOT NULL,
  `counter` int(11) NOT NULL DEFAULT 0,
  `youtube` char(255) COLLATE utf8_unicode_ci DEFAULT NULL
) ENGINE=InnoDB DEFAULT CHARSET=utf8 COLLATE=utf8_unicode_ci;

--
-- Đang đổ dữ liệu cho bảng `songs`
--

INSERT INTO `songs` (`id`, `name`, `preview_text`, `detail_text`, `date_create`, `id_cat`, `picture`, `counter`, `youtube`) VALUES
(1, 'Nơi Ấy Con Tìm Về', 'Nguyễn Huy Hoàng về đích thứ 2 lượt bơi thứ 2 vòng loại 800m tự do nam.\r\nHuy Hoàng sẽ chờ 3 lượt bơi nữa để biết mình có nằm trong Top 8 lọt vào chung kết hay chưa.', '<p>Nguyễn Huy Ho&agrave;ng về đ&iacute;ch thứ 2 lượt bơi thứ 2 v&ograve;ng loại 800m tự do nam. Huy Ho&agrave;ng sẽ chờ 3 lượt bơi nữa để biết m&igrave;nh c&oacute; nằm trong Top 8 lọt v&agrave;o chung kết hay chưa.</p>\r\n', '2021-07-25 09:17:47', 1, 'f1af272d318a2aef209ce13f004a74f1_1367136050-1-206126351788800.jpg', 7, '<iframe width=\"560\" height=\"315\" src=\"https://www.youtube.com/embed/RHAvrJed1I8\" title=\"YouTube video player\" frameborder=\"0\" allow=\"accelerometer; autoplay; clipboard-write; encrypted-media; gyroscope; picture-in-picture\" allowfullscreen></iframe>'),
(2, 'Càng Khó Càng Yêu', 'Nhớ lắm Tặng a món quà tinh thần ... \r\n01.04 Ngày kĩ niệm :x \r\nDù ngày mai đời đổi thay \r\nChỉ yêu anh và yêu thôi, \r\nNguyện yêu mãi muôn đời chẳng quên', '<p>Nhớ lắm Tặng a m&oacute;n qu&agrave; tinh thần ... 01.04 Ng&agrave;y kĩ niệm :x D&ugrave; ng&agrave;y mai đời đổi thay Chỉ y&ecirc;u anh v&agrave; y&ecirc;u th&ocirc;i, Nguyện y&ecirc;u m&atilde;i mu&ocirc;n đời chẳng qu&ecirc;n</p>\r\n', '2021-07-25 09:17:47', 2, 'erik-sau-tat-ca-1-1467793197-206115984896400.jpg', 12, '<iframe width=\"560\" height=\"315\" src=\"https://www.youtube.com/embed/wEBgnZl9L0o\" title=\"YouTube video player\" frameborder=\"0\" allow=\"accelerometer; autoplay; clipboard-write; encrypted-media; gyroscope; picture-in-picture\" allowfullscreen></iframe>'),
(3, 'Ngày xưa em đến', 'Nhiệm vụ thích hợp cho nguyên team anh em đi vào thể hiện trình kỹ năng đây ! Chi tiết sự kiện bên dưới', '<p>Ho&agrave; trong cơn gi&oacute; đ&ocirc;ng bay qua thời gian<br />\r\nTừng đ&ocirc;i ch&acirc;n l&atilde;ng du bước tr&ecirc;n đường khuya<br />\r\nHạt mưa rơi lung linh như hạt ngọc đ&ecirc;m th&acirc;u<br />\r\nBao giấc mơ tan th&agrave;nh sương hoa<br />\r\nĐể giờ đ&acirc;y chơi vơi b&oacute;ng h&igrave;nh<br />\r\nmột lo&agrave;i hoa th&aacute;ng năm.<br />\r\n<br />\r\nChỉ anh với mỗi anh c&ocirc; đơn lạnh gi&oacute;<br />\r\nM&igrave;nh anh với nỗi đau khi em l&igrave;a xa<br />\r\nMột m&igrave;nh anh c&ocirc; đơn,đếm từng giọt sao rơi<br />\r\nXa qu&aacute; trong anh, ng&agrave;y m&igrave;nh đứng đ&oacute; b&ecirc;n nhau<br />\r\nĐ&ocirc;i tay em yếu mềm,đợi chờ mưa<br />\r\nrơi xuống cho mi&ecirc;n man mắt anh...<br />\r\n<br />\r\nNgười về đấy c&oacute; thấy gi&oacute; bay tr&ecirc;n m&ocirc;i kh&ocirc;ng<br />\r\nNgười về đ&acirc;y chắc c&oacute; nắng hong mi em kh&ocirc;?<br />\r\nChẳng th&agrave; l&agrave;m một ch&uacute;t hương thơm nhẹ bay<br />\r\ntr&ecirc;n t&oacute;c em cho ng&agrave;y th&ecirc;m ngoan<br />\r\nGọi bờ m&ocirc;i n&agrave;y khao kh&aacute;t&hellip;<br />\r\n<br />\r\nNắng c&oacute; thấy nhớ hương đ&ocirc;i m&ocirc;i em<br />\r\nV&agrave; l&agrave;n gi&oacute; c&oacute; luyến tiếc<br />\r\nng&agrave;y vội v&atilde; sẽ tr&ocirc;i qua mau,<br />\r\nĐợi chờ anh với anh giữa trời.<br />\r\nGiờ lại thấy cơn mưa rơi trong mắt nhạt nh&ograve;a.<br />\r\n<br />\r\nN&agrave;y nhớ h&aacute;t khẽ khẽ tr&ecirc;n m&ocirc;i thế th&ocirc;i<br />\r\nSợ rằng sớm mai khi giấc mơ kia bỗng t&agrave;n.<br />\r\n<br />\r\nChẳng t&igrave;m thấy được một lần nỗi nhớ<br />\r\nChẳng t&igrave;m thấy thấp tho&aacute;ng b&oacute;ng d&aacute;ng<br />\r\nd&ugrave; đ&atilde; tan vỡ, d&ugrave; mưa tan biến...<br />\r\nChẳng nhận ra đ&ocirc;i khi em l&agrave; một giọt mưa<br />\r\nL&agrave; một tho&aacute;ng m&acirc;y kh&oacute;i anh mơ...</p>\r\n', '2021-07-25 09:19:11', 3, 'bc0df0639c8d8fd3e36cb7795e356c48_1296095413-206103443761100.jpg', 6, '<iframe width=\"560\" height=\"315\" src=\"https://www.youtube.com/embed/3K4WC1vw8Is\" title=\"YouTube video player\" frameborder=\"0\" allow=\"accelerometer; autoplay; clipboard-write; encrypted-media; gyroscope; picture-in-picture\" allowfullscreen></iframe>'),
(4, 'Đổi thay', '“Nhớ…tiếng mưa rơi ngày xưu…lúc đôi ta còn nhau, khi tình yêu… bắt đầu…….”', '<p>H&atilde;y thắp &aacute;nh s&aacute;ng trong hồn t&ocirc;i<br />\r\nKhi ưu tư đang chất đầy<br />\r\nV&igrave; t&igrave;nh em đổi thay<br />\r\nBao nhi&ecirc;u mơ ước đ&atilde; tan dần<br />\r\nCuộc t&igrave;nh đ&atilde; mất thật x&oacute;t xa ..<br />\r\n<br />\r\nT&ocirc;i như chơi vơi trong biển khơi<br />\r\nSao em ra đi kh&ocirc;ng quay lại<br />\r\nĐể l&ograve;ng t&ocirc;i n&aacute;t tan<br />\r\nCon tim kh&ocirc; h&eacute;o trong mỏi m&ograve;n<br />\r\nNhạc điệu &acirc;n &aacute;i nay c&ograve;n đ&acirc;u<br />\r\n<br />\r\nThật đớn đau tr&aacute;i ngang<br />\r\nL&ograve;ng t&ocirc;i mang c&ugrave;ng cội đ&aacute;<br />\r\nT&ocirc;i chết giữa ng&agrave;n khơi<br />\r\nGiọt đắng cay thấm tan v&agrave;o kh&ocirc;ng gian<br />\r\nHồn ta vỡ trăng t&agrave;n đời ngả nghi&ecirc;ng<br />\r\n<br />\r\nKhi t&ocirc;i trao em linh hồn t&ocirc;i<br />\r\nNhư ng&ocirc;i sao băng qua đ&ecirc;m d&agrave;i<br />\r\nVề nơi rất xa<br />\r\nT&ocirc;i đ&acirc;u biết đang bay về một h&agrave;nh tinh s&aacute;ng đầy dối gian<br />\r\nT&ocirc;i lang thang mong t&igrave;m em<br />\r\n&Ocirc;i cơn đau thương th&acirc;n r&atilde; rời m&agrave; đường kh&ocirc;ng lối đi<br />\r\nN&agrave;ng l&agrave; giấc mơ ki&ecirc;u kỳ<br />\r\nĐể hồn t&ocirc;i uống men rượu cay<br />\r\n<br />\r\nThật đớn đau tr&aacute;i ngang<br />\r\nL&ograve;ng t&ocirc;i mang c&ugrave;ng cội đ&aacute;<br />\r\nT&ocirc;i chết giữa ng&agrave;n khơi<br />\r\nGiọt đắng cay tan v&agrave;o kh&ocirc;ng gian<br />\r\nHồn ta vỡ trăng t&agrave;n đời ngả nghi&ecirc;ng</p>\r\n', '2021-07-25 09:19:11', 4, '1538549680324_640-206091183495700.jpg', 7, '<iframe width=\"560\" height=\"315\" src=\"https://www.youtube.com/embed/RfAB6nYMG4g\" title=\"YouTube video player\" frameborder=\"0\" allow=\"accelerometer; autoplay; clipboard-write; encrypted-media; gyroscope; picture-in-picture\" allowfullscreen></iframe>'),
(5, 'Anh khác hay em khác', 'Bài này ở xứ ta cũng tập khá thuần thục và bà con ngoài biển cũng nhiều lần được thấy tận mắt. Nếu mọi người chưa quên thì quán bia chúng tôi cũng đã đăng video vài lần cho đồng bào chiêm ngưỡng', '<p>C&oacute; phải em hết y&ecirc;u anh rổi<br />\r\nEm hay n&oacute;i đi ngươi ơi<br />\r\nAnh v&ocirc; t&acirc;m hay l&agrave; anh đ&atilde; sai<br />\r\nM&agrave; dường như ta dần xa c&aacute;ch<br />\r\nEm n&oacute;i đ&ocirc;i ta kh&ocirc;ng hợp<br />\r\nEm n&oacute;i anh kh&ocirc;ng c&ograve;n như trước<br />\r\nNhững tại sao em ơi<br />\r\nNhững l&uacute;c ta b&ecirc;n nhau B&agrave;n tay em kh&ocirc;ng muốn &ocirc;m thật l&acirc;u<br />\r\nV&agrave; dường như anh hiểu ra một điều<br />\r\nEm đả kh&aacute;c xưa nhiều lắm<br />\r\nV&agrave; dường như anh hiểu ra một điều<br />\r\nEm đ&atilde; hết y&ecirc;u anh phải kh&ocirc;ng<br />\r\nVậy th&igrave; anh sẽ bước ra đi<br />\r\nTrả lại em những ng&agrave;y anh chưa đến<br />\r\nV&agrave; khi anh ra đi em sẽ nhận ra kh&ocirc;ng ai y&ecirc;u em như anh đ&atilde; từng y&ecirc;u</p>\r\n', '2021-07-25 09:20:01', 5, '1494842845652_640-206079794569700.jpg', 7, '<iframe width=\"560\" height=\"315\" src=\"https://www.youtube.com/embed/ZTbKpBzL7hE\" title=\"YouTube video player\" frameborder=\"0\" allow=\"accelerometer; autoplay; clipboard-write; encrypted-media; gyroscope; picture-in-picture\" allowfullscreen></iframe>'),
(6, 'Yêu từ đâu mà ra', 'Thời gian vừa qua cộng đồng mạng đang dậy sóng với một cái tên hoàn toàn mới mẻ Liz Zpoet – giọng ca chính của ca khúc “Yêu từ đâu mà ra”. Ca khúc mang đậm chất Underground quyến rũ giữ vị trí #2 trong suốt 4 tuần liên tiếp trên Zingchart-realtime, đe dọa soán ngôi vương  “Thích thì đến” của Lê Bảo Bình.', '<p>Y&ecirc;u từ đ&acirc;u m&agrave; ra</p>\r\n\r\n<p>Khi chia xa v&ograve;ng tay của nhau chỉ khiến ta th&ecirc;m buồn đau hoho</p>\r\n\r\n<p>Y&ecirc;u cho nhau ngọt ng&agrave;o</p>\r\n\r\n<p>Nơi&hellip;m&ocirc;i h&ocirc;n rồi ch&agrave;o rồi ch&agrave;o</p>\r\n\r\n<p>Để sau lưng nhau l&agrave; chẳng lời n&agrave;o</p>\r\n\r\n<p>(No n&ocirc;)</p>\r\n\r\n<p>Y&ecirc;u cho th&ecirc;m niềm đau v&igrave; khi&hellip;y&ecirc;u ta đ&atilde; kh&ocirc;ng v&igrave; nhau ! (</p>\r\n\r\n<p>Để giờ ( no no )</p>\r\n\r\n<p>Nắng mang em đi rồi em để lại đớn đau mu&ocirc;n phần.</p>\r\n\r\n<p>Đ&atilde; Lỡ bu&ocirc;ng nhau r&atilde; rời.th&ocirc;i th&igrave; ta phải đ&agrave;nh c&aacute;ch xa.</p>\r\n\r\n<p>Nhớ nhau bao nhi&ecirc;u phần cũng đ&acirc;u thể t&igrave;m thấy nhau (uu)</p>\r\n\r\n<p>Nhớ lắm đ&ocirc;i vai em gầy</p>\r\n\r\n<p>C&ocirc; g&aacute;i ấy ở dưới g&oacute;c phố n&ecirc;n n&ecirc;n thơ love love you</p>\r\n\r\n<p>C&aacute;ch xa nhau l&agrave;m g&igrave; để giờ đ&acirc;y phải chịu đớn đau th&ecirc;m phần&hellip;.</p>\r\n\r\n<p>Nắng c&ograve;n vương vai đ&ecirc;</p>\r\n\r\n<p>Biết rằng ta sai</p>\r\n\r\n<p>Ta chẳng c&ograve;n tương lai</p>\r\n\r\n<p>Em nỡ l&ograve;ng y&ecirc;u ai&hellip;</p>\r\n\r\n<p>Cơn mưa rơi nghe hững hờ</p>\r\n\r\n<p>Em mang đến to&agrave;n bất ngờ</p>\r\n\r\n<p>C&oacute; ai.vẫn mong.c&oacute; tr&ocirc;ng.c&oacute; chờ</p>\r\n\r\n<p>Vẫn vương,C&oacute; mưa,</p>\r\n\r\n<p>Vẫn tr&ocirc;ng,Vẫn chờ</p>\r\n\r\n<p>Em ngang qua thật hững hờ</p>\r\n\r\n<p>Như tức nước anh vỡ bờ</p>\r\n\r\n<p>C&oacute; mơ,Thấy em,</p>\r\n\r\n<p>B&oacute;ng ai,</p>\r\n\r\n<p>Nhớ em,</p>\r\n\r\n<p>Nhớ c&acirc;u,</p>\r\n\r\n<p>Love you</p>\r\n\r\n<p>Miss you</p>\r\n\r\n<p>Từng hẹn thề</p>\r\n\r\n<p>Nhớ đ&ocirc;i vai em gầy c&ocirc; g&aacute;i ấy ở dưới g&oacute;c phố n&ecirc;n thơ</p>\r\n\r\n<p>Lỡ y&ecirc;u em như vầy . Nhưng tại sao n&agrave;ng lại ph&aacute; n&aacute;t cơn mơ &hellip;.</p>\r\n\r\n<p>Biết y&ecirc;u sao cho vừa . v&igrave; t&igrave;nh y&ecirc;u n&agrave;ng đ&acirc;u c&oacute; muốn răng tơ</p>\r\n\r\n<p>Thế gian t&igrave;nh l&agrave; g&igrave; m&acirc;y m&ugrave; răng đường khuya khuất lối đ&ocirc;i ta&hellip;</p>\r\n\r\n<p>Hỏi thế gian t&igrave;nh l&agrave; g&igrave;</p>\r\n\r\n<p>Bỏ hết thế giới l&agrave; v&igrave; n&agrave;ng</p>\r\n\r\n<p>khiến anh lu&ocirc;n thẫn thờ</p>\r\n\r\n<p>Ch&iacute;nh anh cũng bất ngờ</p>\r\n', '2021-07-27 04:22:27', 1, 'thumb_660_a421d991-5849-4789-a7d9-4ced65d508c3-206067873314400.jpg', 7, '<iframe width=\"560\" height=\"315\" src=\"https://www.youtube.com/embed/EUGjrBnrheM\" title=\"YouTube video player\" frameborder=\"0\" allow=\"accelerometer; autoplay; clipboard-write; encrypted-media; gyroscope; picture-in-picture\" allowfullscreen></iframe>'),
(15, 'Chúng ta dừng lại ở đây thôi', 'Ở bản danh sách 31 cầu thủ ĐT Việt Nam hội quân vào ngày 5/8 tới đây, tiền đạo Nguyễn Công Phượng bất ngờ vắng mặt. ', '<p>Anh nghĩ ch&uacute;ng ta n&ecirc;n dừng lại nơi đ&acirc;y<br />\r\nCố gắng n&iacute;u k&eacute;o chẳng được g&igrave;<br />\r\nAnh biết cả hai cũng chẳng c&ograve;n y&ecirc;u thương<br />\r\nXa xỉ những lời khi&ecirc;m nhường.<br />\r\n<br />\r\nKhi hết y&ecirc;u nhau chỉ c&ograve;n lại b&oacute;ng tối<br />\r\nHai đứa chẳng muốn trao cơ hội<br />\r\nAnh n&oacute;i đ&ocirc;i c&acirc;u m&igrave;nh nằm lại b&ecirc;n nhau<br />\r\nNhưng cũng chỉ khiến ta th&ecirc;m nhức đầu.<br />\r\n<br />\r\nH&ocirc;m nay ta sẽ chia tay, anh xin b&ecirc;n nhau lần cuối<br />\r\nY&ecirc;u em hơn, quan t&acirc;m hơn ng&agrave;y mai<br />\r\nHai ch&uacute;ng ta sẽ kh&ocirc;ng gặp nhau<br />\r\nSẽ chẳng c&ograve;n l&agrave; của nhau.<br />\r\n<br />\r\n[ĐK:]<br />\r\nLần đầu anh thấy anh yếu l&ograve;ng<br />\r\nLần đầu ti&ecirc;n anh thấy em biết tr&acirc;n trọng<br />\r\nV&agrave;i giọt nước mắt đ&atilde; rơi &acirc;m thầm<br />\r\nCh&uacute;ng ta đều giấu.<br />\r\n<br />\r\nRồi cũng đến l&uacute;c đưa em về<br />\r\nChạy qua con phố vẫn nhớ thương về<br />\r\nCh&agrave;o nhau c&acirc;u cuối lặng lẽ nh&igrave;n nhau<br />\r\nCh&uacute;ng ta dừng lại ở đ&acirc;y th&ocirc;i.</p>\r\n', '2021-07-31 09:02:11', 1, 'Rosa_chinensis_petals-206050100634300.jpg', 6, '<iframe width=\"560\" height=\"315\" src=\"https://www.youtube.com/embed/rPEhb8FxfMI\" title=\"YouTube video player\" frameborder=\"0\" allow=\"accelerometer; autoplay; clipboard-write; encrypted-media; gyroscope; picture-in-picture\" allowfullscreen></iframe>'),
(18, 'Tạm biệt nhé', 'Tạm biệt, tạm biệt lúc ta đi với nhau khi tan trường\r\nTạm biệt, giờ tạm biệt mãi là người bạn thân nhé\r\nTạm biệt, tạm biệt xa rồi bạn đừng quên tôi\r\nXin chào tạm biệt, giờ tạm biệt\r\nTạm biệt nhé nơi này bye bye.', '<p>&nbsp;Sẽ đến l&uacute;c phải n&oacute;i tạm biệt nơi đ&acirc;y<br />\r\nTiếc nuối bao ng&acirc;y thơ của một thời<br />\r\nNg&agrave;y mới tới lớp xa lạ, kh&ocirc;ng quen thuộc<br />\r\nL&agrave;m quen mới thấy vui.<br />\r\n<br />\r\nNg&agrave;y th&aacute;ng tr&ocirc;i qua kh&ocirc;ng kịp đếm<br />\r\nQua đi bao nhi&ecirc;u vui buồn n&agrave;o ai hay<br />\r\nMột thời hồn nhi&ecirc;n mơ mộng, nhiều vu vơ<br />\r\nH&atilde;y lưu lại s&acirc;u trong tr&aacute;i tim m&igrave;nh.<br />\r\n<br />\r\nLang thang đi tr&ecirc;n s&acirc;n trường vắng<br />\r\nNhặt c&agrave;nh phượng hồng c&ograve;n vương nơi n&agrave;y<br />\r\nTạm biệt từng lớp học buồn giờ chia tay rồi<br />\r\nCho t&ocirc;i y&ecirc;u th&ecirc;m nơi n&agrave;y một ch&uacute;t, một ch&uacute;t th&ocirc;i<br />\r\nĐể t&ocirc;i nhớ mai xa rồi sẽ nhớ nhau thật nhiều.</p>\r\n', '2021-08-05 03:01:12', 1, 'maxresdefault-206035237074800.jpg', 2, '<iframe width=\"560\" height=\"315\" src=\"https://www.youtube.com/embed/6dbUgMD1vxU\" title=\"YouTube video player\" frameborder=\"0\" allow=\"accelerometer; autoplay; clipboard-write; encrypted-media; gyroscope; picture-in-picture\" allowfullscreen></iframe>'),
(19, 'Mưa', 'Mưa là một hiện tượng tự nhiên, xảy ra do sự ngưng tụ của hơi nước trên bầu trời, dưới dạng những đám mây, khi gặp điều kiện thích hợp, tạo thành giọt nước, nặng hơn không khí, và rơi xuống mặt đất, tạo thành cơn mưa.', '<ul>\r\n	<li>Đang ung dung tr&ecirc;n trời</li>\r\n	<li>Đạp m&acirc;y xanh h&ocirc;m nay xuống chơi</li>\r\n	<li>Anh h&ocirc;m nay hơi buồn</li>\r\n	<li>Thấy em tự nhi&ecirc;n thảnh thơi</li>\r\n	<li>Em đang c&ocirc; đơn</li>\r\n	<li>Th&igrave; b&agrave;n tay đ&acirc;u đưa đ&acirc;y</li>\r\n	<li>Th&ocirc;i coi như cho qua năm sau</li>\r\n	<li>Đ&aacute;m cưới liền tay</li>\r\n	<li>Đ&oacute; ngay m&ugrave;ng 2 c&oacute; ai đi nhiều</li>\r\n	<li>Em ơi em ở đ&acirc;u</li>\r\n	<li>Anh mang trầu cau qua</li>\r\n	<li>Anh rước d&acirc;u lu&ocirc;n</li>\r\n	<li>Mai đ&acirc;y ta sang gi&agrave;u</li>\r\n	<li>Qu&aacute; x&aacute; to thịt kho rau muống</li>\r\n	<li>Thắm thiết sẽ mặn nồng</li>\r\n</ul>\r\n', '2021-08-05 03:08:35', 5, 'maxresdefault (8)-206022320951900.jpg', 5, '<iframe width=\"560\" height=\"315\" src=\"https://www.youtube.com/embed/-yhqOX3bLvQ\" title=\"YouTube video player\" frameborder=\"0\" allow=\"accelerometer; autoplay; clipboard-write; encrypted-media; gyroscope; picture-in-picture\" allowfullscreen></iframe>'),
(23, 'Cơn mưa ngang qua', 'Bạn thích được yêu thương, đối xử như một thành viên trong gia đình. Được cùng nhau ăn, cùng nhau cười, cùng nhau tham gia các công tác từ thiện cộng đồng, sống có ích hơn.', '<p>Cơn mưa ngang qua, cơn... cơn mưa ngang qua<br />\r\nCơn mưa ngang qua, cơn... cơn mưa ngang qua<br />\r\nCơn mưa ngang qua, cơn... cơn mưa ngang qua<br />\r\n(Ngang qua... ngang qua... ngang qua)<br />\r\nCơn... cơn mưa... cơn mưa ngang qua.<br />\r\n<br />\r\nCơn gi&oacute; r&iacute;t l&agrave;m anh t&ecirc; t&aacute;i một m&igrave;nh anh mang (oh oh cuộc t&igrave;nh anh mang)<br />\r\nChợt một niềm đau trong tim h&eacute;o &uacute;a gạt bỏ ước mơ (oh oh oh oh)<br />\r\nCố x&oacute;a hết m&agrave;n đ&ecirc;m u tối l&agrave;m nh&ograve;e đi trang giấy kia<br />\r\nV&agrave; bu&ocirc;ng lấp những giọt nước mắt ẩn trong tr&aacute;i tim (yeah ih yeah yeah)<br />\r\n<br />\r\nKh&ocirc;ng gian m&ugrave; mịt giờ b&ugrave; với t&acirc;m hồn anh<br />\r\nChẳng c&ograve;n niềm vui v&agrave; những điều ho&agrave;i b&atilde;o<br />\r\nD&ugrave; ng&agrave;y th&aacute;ng của cuộc đời sẽ d&agrave;y x&eacute;o l&agrave;m ngạt thở<br />\r\nĐốt bờ m&ocirc;i b&agrave;n tay của anh.<br />\r\n<br />\r\nBởi v&igrave; ai m&agrave; con người trong anh đ&atilde; qu&aacute; yếu đuối trước những đớn đau<br />\r\nĐừng rời xa em ơi v&igrave; anh kh&ocirc;ng thể tự đứng l&ecirc;n.<br />\r\n<br />\r\n[ĐK:]<br />\r\nUh... Anh kh&ocirc;ng tin v&agrave;o điều đ&oacute; (cơn mưa ngang qua)<br />\r\nAnh kh&ocirc;ng thể sống thiếu (nụ cười em đ&acirc;u)<br />\r\nAnh sẽ phải ra sao... nếu như b&ecirc;n anh kh&ocirc;ng c&ograve;n em (wow)<br />\r\n<br />\r\nCho anh lời n&oacute;i đ&oacute; (khi b&igrave;nh minh l&ecirc;n)<br />\r\nSẽ đợi c&acirc;u h&aacute;t (mong chờ em th&ocirc;i)<br />\r\nHiện tại v&agrave; qu&aacute; khứ... chẳng c&ograve;n lại g&igrave; đẹp đẽ hơn<br />\r\nAnh sẽ m&atilde;i ch&igrave;m trong đau khổ....ahhh</p>\r\n', '2021-08-06 10:56:28', 1, 'maxresdefault (7)-205990909005100.jpg', 8, '<iframe width=\"560\" height=\"315\" src=\"https://www.youtube.com/embed/TBOJNYGYUMw\" title=\"YouTube video player\" frameborder=\"0\" allow=\"accelerometer; autoplay; clipboard-write; encrypted-media; gyroscope; picture-in-picture\" allowfullscreen></iframe>'),
(24, 'Ngày ấy bạn và tôi', '#NgayAyBanVaToi #LynkLee #NhacHocSinh\r\n➢ Click theo dõi YouTube Lynk Lee: https://goo.gl/Gsv9BY \r\n➢ Official Facebook: https://www.facebook.com/Singer.LynkLee\r\n➢ Google Plus: https://plus.google.com/+lynklee88off...\r\n➢ Lynk Lee MV Playlist: https://goo.gl/15Oy6V \r\n\r\nPhòng thu Oreka: http://orekastudio.vn/phong-thu-am.html\r\n                           http://www.facebook.com/OrekaStudio\r\nNghe mp3: http://mp3.zing.vn/bai-hat/Ngay-Ay-Ba...\r\n\r\nNghe album: http://mp3.zing.vn/album/Ngay-Ay-Ban-...\r\n\r\nDownload mp3 320kbps: http://www.mediafire.com/?52fdl87m6xl...\r\n\r\nNgày ấy bạn và tôi lynk lee', '<p>Thời gian dần tr&ocirc;i c&ugrave;ng với tuổi thơ<br />\r\nNg&agrave;y xưa hồn nhi&ecirc;n c&ugrave;ng bao ước mơ<br />\r\nV&agrave; khi t&ocirc;i c&aacute;ch xa th&aacute;ng năm học tr&ograve;<br />\r\nC&ograve;n nhớ ng&agrave;y chia tay ấy buồn</p>\r\n\r\n<p>Ngo&agrave;i s&acirc;n phượng rơi hồng trang kỷ niệm<br />\r\nChợt nhớ về những ng&agrave;y xưa đ&atilde; xa<br />\r\nV&agrave; h&ocirc;m nay ch&uacute;ng ta đ&atilde; quay trở về<br />\r\nBạn ơi, giờ đ&acirc;y t&ocirc;i muốn n&oacute;i</p>\r\n\r\n<p>Rằng l&ograve;ng t&ocirc;i vẫn nhớ<br />\r\nNgười thầy ng&agrave;y xưa dạy ch&uacute;ng t&ocirc;i kh&ocirc;ng c&ograve;n<br />\r\nTrở lại nơi chốn ấy<br />\r\nTừng năm th&aacute;ng chợt hiện trong k&yacute; ức</p>\r\n\r\n<p>Ng&agrave;y xưa đ&oacute; m&atilde;i m&atilde;i bay xa, xa rời ta về nơi phương trời<br />\r\nC&ugrave;ng bao c&agrave;nh hoa phượng rơi ngập đầy nắng v&agrave;ng<br />\r\nV&agrave; những chiều mưa, ta c&ugrave;ng bước tr&ecirc;n đường xưa</p>\r\n\r\n<p>Ng&agrave;y xưa đ&oacute; m&atilde;i m&atilde;i bay xa, xa rời ta về nơi chốn ấy<br />\r\nBao bạn th&acirc;n khi xưa b&ecirc;n nhau<br />\r\nGiờ đ&acirc;y c&ograve;n lại m&igrave;nh ta trong nỗi nhớ thiết tha</p>\r\n\r\n<p>Bao nhi&ecirc;u y&ecirc;u thương giấc mơ<br />\r\nĐ&atilde; đi xa về nơi tr&aacute;i tim<br />\r\nV&agrave; c&ograve;n lại trong ta những th&aacute;ng năm d&agrave;i<br />\r\nNhớ về những thơ ấu kỷ niệm đ&atilde; xa từ l&acirc;u</p>\r\n\r\n<p>Giờ c&ograve;n nụ hồng khi xưa ta tặng bạn<br />\r\n&Eacute;p trong trang vở lưu b&uacute;t ấy<br />\r\nThế gian c&oacute; đổi thay, th&aacute;ng năm c&oacute; phai<br />\r\nTa sẽ m&atilde;i nhớ đến, nhớ đến nhau</p>\r\n\r\n<p>Rằng l&ograve;ng t&ocirc;i vẫn nhớ<br />\r\nNgười thầy ng&agrave;y xưa dạy ch&uacute;ng t&ocirc;i kh&ocirc;ng c&ograve;n<br />\r\nTrở lại nơi chốn ấy<br />\r\nTừng năm th&aacute;ng chợt hiện trong k&yacute; ức</p>\r\n\r\n<p>Ng&agrave;y xưa đ&oacute; m&atilde;i m&atilde;i bay xa, xa rời ta về nơi phương trời<br />\r\nC&ugrave;ng bao c&agrave;nh hoa phượng rơi ngập đầy nắng v&agrave;ng<br />\r\nV&agrave; những chiều mưa, ta c&ugrave;ng bước tr&ecirc;n đường xưa</p>\r\n\r\n<p>Ng&agrave;y xưa đ&oacute; m&atilde;i m&atilde;i bay xa, xa rời ta về nơi chốn ấy<br />\r\nBao bạn th&acirc;n khi xưa b&ecirc;n nhau<br />\r\nGiờ đ&acirc;y c&ograve;n lại m&igrave;nh ta trong nỗi nhớ ấy</p>\r\n\r\n<p>Đ&acirc;u, đ&acirc;u, biết đ&acirc;u rồi?<br />\r\nNg&agrave;y bạn v&agrave; t&ocirc;i vẫn thường đến lớp<br />\r\n(Đ&acirc;u, đ&acirc;u, đ&acirc;u)<br />\r\nGiờ t&igrave;m nơi đ&acirc;u?<br />\r\nC&ograve;n lại đ&acirc;y ch&uacute;t nắng hồng ng&acirc;y ng&ocirc; bằng lăng t&iacute;m</p>\r\n\r\n<p>Vẫn nhớ ho&agrave;i những ng&agrave;y thơ ấu<br />\r\nTa vui chơi dưới s&acirc;n trường<br />\r\nNhưng giờ đ&acirc;y xa nhau mất rồi<br />\r\nBạn th&acirc;n ơi chớ qu&ecirc;n</p>\r\n\r\n<p>Ng&agrave;y xưa đ&oacute; m&atilde;i m&atilde;i bay xa, xa rời ta về nơi phương trời<br />\r\nC&ugrave;ng bao c&agrave;nh hoa phượng rơi ngập đầy nắng v&agrave;ng<br />\r\nV&agrave; những chiều mưa, ta c&ugrave;ng bước tr&ecirc;n đường xưa</p>\r\n\r\n<p>Ng&agrave;y xưa đ&oacute; m&atilde;i m&atilde;i bay xa, xa rời ta về nơi chốn ấy<br />\r\nBao bạn th&acirc;n khi xưa b&ecirc;n nhau<br />\r\nGiờ đ&acirc;y c&ograve;n lại m&igrave;nh ta trong nỗi nhớ thiết tha</p>\r\n\r\n<p>Giờ đ&acirc;y c&ograve;n lại m&igrave;nh ta trong nỗi nhớ thiết tha</p>\r\n', '2021-08-08 03:14:27', 2, 'maxresdefault (6)-205968193874800.jpg', 1, '<iframe width=\"560\" height=\"315\" src=\"https://www.youtube.com/embed/O1VMRDx3BCs\" title=\"YouTube video player\" frameborder=\"0\" allow=\"accelerometer; autoplay; clipboard-write; encrypted-media; gyroscope; picture-in-picture\" allowfullscreen></iframe>'),
(25, 'Giữ em đi', 'Giữ em đi\r\nSáng tác: Tiên Tiên\r\nAll copyright information and jobs please contact: thuychi@vrstudio.vn (+84)914.389.498\r\n---------------------\r\n© Bản quyền thuộc về THÙY CHI\r\n© Copyright by Thuy Chi ☞ Do not Reup', '<p>Đ&ecirc;m nay, em bỗng thấy m&igrave;nh c&ocirc; đơn trong v&ograve;ng tay th&acirc;n quen.<br />\r\nSau đ&ecirc;m nay, c&oacute; lẽ em sẽ phải bu&ocirc;ng những giấc mơ &ndash; những lập lờ.<br />\r\nC&oacute; sai kh&ocirc;ng khi trong l&ograve;ng c&ograve;n ch&uacute;t y&ecirc;u thương xưa buồn vương.<br />\r\nNhưng thật t&acirc;m em kh&ocirc;ng muốn đ&ocirc;i ta xa c&aacute;ch nhau.<br />\r\nC&oacute; sai kh&ocirc;ng khi đ&ecirc;m về em vẫn nghe &acirc;m thanh ấy.<br />\r\nTho&aacute;ng m&ugrave;i hương cũ như vừa mới đ&acirc;y.<br />\r\nL&agrave; do em cố chấp&hellip; Cho rằng m&igrave;nh đ&uacute;ng.<br />\r\nEm cứ ngỡ năm th&aacute;ng x&oacute;a hết bao nhi&ecirc;u kỉ niệm cũ.<br />\r\n<br />\r\nChorus:<br />\r\nRằng em kh&ocirc;ng thể lựa chọn cho giấc mơ mỗi người.<br />\r\nV&igrave; em cũng đang lạc lối.<br />\r\nV&agrave; anh h&atilde;y n&oacute;i thật l&ograve;ng, anh rất thương rất buồn.<br />\r\nChỉ cần anh gọi t&ecirc;n, em sẽ đứng lại.<br />\r\nGiữ em đi v&agrave; n&oacute;i.. y&ecirc;u em.<br />\r\n<br />\r\nVER 2:<br />\r\nĐ&ocirc;i khi, em v&ocirc; thức gọi t&ecirc;n ai dẫu kề vai b&ecirc;n anh.<br />\r\nC&oacute; đ&ocirc;i khi, em n&eacute;n t&acirc;m tư một m&igrave;nh đ&ecirc;m trắng đ&ecirc;m trong tuyệt vọng.<br />\r\ndo em cố chấp&hellip; Cho rằng m&igrave;nh đ&uacute;ng.<br />\r\nEm cứ ngỡ năm th&aacute;ng x&oacute;a hết bao nhi&ecirc;u kỉ niệm cũ.<br />\r\n<br />\r\nChorus:<br />\r\nrằng em kh&ocirc;ng thể lựa chọn cho giấc mơ mỗi người.<br />\r\nV&igrave; em cũng đang lạc lối.<br />\r\nV&agrave; anh h&atilde;y n&oacute;i thật l&ograve;ng, anh rất thương rất buồn.<br />\r\nChỉ cần anh gọi t&ecirc;n, em sẽ đứng lại.<br />\r\nGiữ em đi v&agrave; n&oacute;i.. y&ecirc;u em.</p>\r\n', '2021-08-08 03:26:41', 2, 'maxresdefault (5)-205954560123300.jpg', 0, '<iframe width=\"560\" height=\"315\" src=\"https://www.youtube.com/embed/_2GEmSWEuaE\" title=\"YouTube video player\" frameborder=\"0\" allow=\"accelerometer; autoplay; clipboard-write; encrypted-media; gyroscope; picture-in-picture\" allowfullscreen></iframe>'),
(26, 'Tìm em', 'Tìm em từ ngàn trùng bao gươm giáo kiếm đao\r\nTìm em để ngàn đời giang sơn mãi có nhau\r\nHùng anh phiêu bạc tìm giai nhân giữa phong ba\r\nTống Kim, lửa khói, ta đi tìm em.', '<p>Th&agrave;nh Đ&ocirc;, L&acirc;m An, Đại L&yacute; ta t&igrave;m n&agrave;ng<br />\r\nT&igrave;m em giữa Dương Ch&acirc;u chiều mưa<br />\r\nBiện Kinh, Tương Dương, lửa kh&oacute;i giăng đầy trời<br />\r\nBiết t&igrave;m em nơi chốn n&agrave;o?<br />\r\n<br />\r\nNg&agrave;y xưa y&ecirc;u nhau, b&ecirc;n gốc mai Phượng Tường<br />\r\nKề vai ngắm trăng Thanh Th&agrave;nh Sơn<br />\r\nTừ Giang T&acirc;n Th&ocirc;n, nơi ch&uacute;ng ta hẹn thề<br />\r\nsuốt đời uy&ecirc;n ương c&oacute; đ&ocirc;i.<br />\r\n<br />\r\nĐ&atilde; qua bao năm độc h&agrave;nh bước ch&acirc;n giang hồ<br />\r\nX&aacute; chi th&acirc;n trai nguyện đem th&acirc;n ra gi&uacute;p đời<br />\r\nL&atilde;ng tử bao năm phải dừng bước trước một người<br />\r\nGi&oacute; lửa Li&ecirc;n Th&agrave;nh để đời ta mất em.<br />\r\n<br />\r\nĐời trai từng bụi trần phong sương đ&atilde; thắm vai<br />\r\nNgại chi niềm nhọc nhằn bao gian kh&oacute; hiểm nguy<br />\r\nM&agrave; sao vẫn chạnh l&ograve;ng với &aacute;nh mắt ki&ecirc;u sa<br />\r\nThi&ecirc;u rụi con tim đ&atilde; ho&aacute; đ&aacute;.<br />\r\n<br />\r\nT&igrave;m em từ ng&agrave;n tr&ugrave;ng bao gươm gi&aacute;o kiếm đao<br />\r\nT&igrave;m em để ng&agrave;n đời giang sơn m&atilde;i c&oacute; nhau<br />\r\nH&ugrave;ng anh phi&ecirc;u bạc t&igrave;m giai nh&acirc;n giữa phong ba<br />\r\nTống Kim, lửa kh&oacute;i, ta đi t&igrave;m em.</p>\r\n', '2021-08-08 04:16:52', 2, 'maxresdefault (4)-205922126989400.jpg', 1, '<iframe width=\"560\" height=\"315\" src=\"https://www.youtube.com/embed/_2GEmSWEuaE\" title=\"YouTube video player\" frameborder=\"0\" allow=\"accelerometer; autoplay; clipboard-write; encrypted-media; gyroscope; picture-in-picture\" allowfullscreen></iframe>'),
(27, 'Em kể anh nghe', 'Đã đến lúc em phải đi xa\r\nĐến lúc chia lìa đôi ngã\r\nHạnh phúc vỡ nát trên môi\r\nCuộc sống quá ngắn thật rồi.', '<p>Đ&atilde; đến l&uacute;c em phải đi xa<br />\r\nĐến l&uacute;c chia l&igrave;a đ&ocirc;i ng&atilde;<br />\r\nHạnh ph&uacute;c vỡ n&aacute;t tr&ecirc;n m&ocirc;i<br />\r\nCuộc sống qu&aacute; ngắn thật rồi.<br />\r\n<br />\r\nV&agrave; như thế, nhẹ nh&agrave;ng b&igrave;nh minh đến rất nhanh<br />\r\nDịu d&agrave;ng từng cơn gi&oacute; ng&aacute;t xanh<br />\r\nMột ng&agrave;y nằm y&ecirc;n m&aacute;i t&oacute;c hiền l&agrave;nh.<br />\r\n<br />\r\nĐ&atilde; c&oacute; l&uacute;c em phải qu&ecirc;n đi<br />\r\nC&oacute; l&uacute;c em lại suy nghĩ<br />\r\nĐừng cố n&iacute;u k&eacute;o th&ecirc;m chi<br />\r\nĐừng cố gắng m&atilde;i được g&igrave;.<br />\r\n<br />\r\nV&agrave; như thế, từng ng&agrave;y t&igrave;nh y&ecirc;u gh&eacute; đến đ&acirc;y<br />\r\nNụ cười hồn nhi&ecirc;n ấm &aacute;p ngay<br />\r\nMột ng&agrave;y b&igrave;nh y&ecirc;n x&oacute;a hết mọi ng&agrave;y.<br />\r\n<br />\r\n[ĐK:]<br />\r\nMới h&ocirc;m n&agrave;o thời gian l&agrave; nhiều<br />\r\nĐếm xem nay c&ograve;n lại bao nhi&ecirc;u<br />\r\nNếu l&uacute;c trước biết sẽ c&oacute; h&ocirc;m nay<br />\r\nCho em xin th&ecirc;m một ng&agrave;y th&ocirc;i.<br />\r\n<br />\r\nLỡ mai kh&ocirc;ng c&ograve;n ai gượng cười<br />\r\nLỡ mai kh&ocirc;ng l&agrave; ng&agrave;y xanh tươi<br />\r\nC&oacute; ch&uacute;t &aacute;nh s&aacute;ng ph&iacute;a cuối con đường<br />\r\nKhi đ&ocirc;i tay em dần dần bu&ocirc;ng<br />\r\nNắng vẫn l&ecirc;n nhẹ nh&agrave;ng.</p>\r\n', '2021-08-08 09:46:20', 2, 'maxresdefault (3)-205909484229400.jpg', 1, '<iframe width=\"560\" height=\"315\" src=\"https://www.youtube.com/embed/KE4I_W3jLuI\" title=\"YouTube video player\" frameborder=\"0\" allow=\"accelerometer; autoplay; clipboard-write; encrypted-media; gyroscope; picture-in-picture\" allowfullscreen></iframe>'),
(28, 'Đừng yêu nữa - Em mệt rồi', 'Đã bao giờ anh nghe\r\nCó vài điều khi yêu\r\nMột là không nói dối\r\nHai là không nói dối nhiều lần\r\nCớ sao toàn thấy nước mắt\r\nCớ sao toàn những vết cắt', '<p>Đ&atilde; bao giờ anh nghe<br />\r\nC&oacute; v&agrave;i điều khi y&ecirc;u<br />\r\nMột l&agrave; kh&ocirc;ng n&oacute;i dối<br />\r\nHai l&agrave; kh&ocirc;ng n&oacute;i dối nhiều lần<br />\r\nCớ sao to&agrave;n thấy nước mắt<br />\r\nCớ sao to&agrave;n những vết cắt<br />\r\nC&oacute; lẽ n&agrave;o đến l&uacute;c<br />\r\nKhi hai ta đ&atilde; hết y&ecirc;u<br />\r\nCứ đi rồi sẽ đến<br />\r\nCứ im lặng sẽ qua<br />\r\nMột người như thế đấy<br />\r\nY&ecirc;u l&agrave; y&ecirc;u đến hết đời n&agrave;y<br />\r\nEm kh&ocirc;ng l&agrave; thế giới ấy<br />\r\nEm thật l&agrave; nhỏ b&eacute; th&ocirc;i<br />\r\nTại sao em cứ ấp &uacute;ng m&atilde;i kh&ocirc;ng bao giờ n&oacute;i ra?<br />\r\nC&oacute; lẽ em y&ecirc;u anh nhiều qu&aacute;<br />\r\nN&ecirc;n l&agrave; em chẳng d&aacute;m bu&ocirc;ng ra<br />\r\nC&oacute; lẽ anh thấy em mạnh mẽ<br />\r\nN&ecirc;n l&agrave; anh chẳng muốn vỗ về<br />\r\nY&ecirc;u anh bằng trọn con tim ấy<br />\r\nĐớn đau nhiều lắm anh biết kh&ocirc;ng?<br />\r\nCứ cho đi rồi nhận ra tim em vỡ đ&ocirc;i th&ecirc;m đau<br />\r\nC&oacute; lẽ kh&ocirc;ng n&ecirc;n y&ecirc;u nhiều thế<br />\r\nBởi t&igrave;nh y&ecirc;u sẽ n&oacute;i em nghe<br />\r\nVới tr&aacute;i tim ưu tư vụn vỡ<br />\r\nN&ecirc;n l&agrave;m quen với những bơ vơ<br />\r\nC&oacute; khi chỉ v&igrave; anh kh&ocirc;ng xứng đ&aacute;ng với ba chữ y&ecirc;u nữa rồi<br />\r\nThế th&ocirc;i em xin dừng lại đừng y&ecirc;u nữa nh&eacute; anh ơi<br />\r\nEm mệt rồi<br />\r\nCứ đi rồi sẽ đến<br />\r\nCứ im lặng sẽ qua<br />\r\nMột người như thế đấy<br />\r\nY&ecirc;u l&agrave; y&ecirc;u đến hết đời n&agrave;y<br />\r\nEm kh&ocirc;ng l&agrave; thế giới ấy<br />\r\nEm thật l&agrave; nhỏ b&eacute; th&ocirc;i<br />\r\nTại sao em cứ ấp &uacute;ng m&atilde;i kh&ocirc;ng bao giờ n&oacute;i ra?<br />\r\nC&oacute; lẽ em y&ecirc;u anh nhiều qu&aacute;<br />\r\nN&ecirc;n l&agrave; em chẳng d&aacute;m bu&ocirc;ng ra<br />\r\nC&oacute; lẽ anh thấy em mạnh mẽ<br />\r\nN&ecirc;n l&agrave; anh chẳng muốn vỗ về<br />\r\nY&ecirc;u anh bằng trọn con tim ấy<br />\r\nĐớn đau nhiều lắm anh biết kh&ocirc;ng?<br />\r\nCứ cho đi rồi nhận ra tim em vỡ đ&ocirc;i th&ecirc;m đau<br />\r\nC&oacute; lẽ kh&ocirc;ng n&ecirc;n y&ecirc;u nhiều thế<br />\r\nBởi t&igrave;nh y&ecirc;u sẽ n&oacute;i em nghe<br />\r\nVới tr&aacute;i tim ưu tư vụn vỡ<br />\r\nN&ecirc;n l&agrave;m quen với những bơ vơ<br />\r\nC&oacute; khi chỉ v&igrave; anh kh&ocirc;ng xứng đ&aacute;ng với ba chữ y&ecirc;u nữa rồi<br />\r\nThế th&ocirc;i em xin dừng lại đừng y&ecirc;u nữa nh&eacute; anh ơi<br />\r\nEm mệt rồi<br />\r\nĐ&ocirc;i khi em nghĩ<br />\r\nThật l&ograve;ng em muốn c&aacute;m ơn anh v&igrave; đ&atilde; b&ecirc;n em ng&agrave;y qua<br />\r\nDừng lại th&ocirc;i chỉ mong t&igrave;m lại một ch&uacute;t b&igrave;nh y&ecirc;n<br />\r\nC&oacute; lẽ kh&ocirc;ng n&ecirc;n y&ecirc;u nhiều thế<br />\r\nBởi t&igrave;nh y&ecirc;u sẽ n&oacute;i em nghe<br />\r\nVới tr&aacute;i tim ưu tư vụn vỡ<br />\r\nN&ecirc;n l&agrave;m quen với những bơ vơ<br />\r\nC&oacute; khi chỉ v&igrave; anh kh&ocirc;ng xứng đ&aacute;ng với ba chữ y&ecirc;u nữa rồi<br />\r\nThế th&ocirc;i em xin dừng lại đừng y&ecirc;u nữa nh&eacute; anh ơi<br />\r\nEm mệt rồi</p>\r\n', '2021-08-08 09:49:51', 5, 'maxresdefault (2)-205892787718900.jpg', 6, '<iframe width=\"560\" height=\"315\" src=\"https://www.youtube.com/embed/2sIC1sh-yc0\" title=\"YouTube video player\" frameborder=\"0\" allow=\"accelerometer; autoplay; clipboard-write; encrypted-media; gyroscope; picture-in-picture\" allowfullscreen></iframe>'),
(29, 'Dòng thơi gian', 'Nghe bao năm đã nhạt nhòa những dấu yêu xưa\r\nNhạt nhòa những giấc mơ êm, nhạc nhòa những phút bên nhau\r\nNghe bao năm đường đời cho tôi biết bao đắng cay\r\nVà cho tôi bao nhớ thương , thời gian yên vui khi bé thơ bên nhau', '<p>Nghe bao năm đ&atilde; nhạt nh&ograve;a những dấu y&ecirc;u xưa<br />\r\nNhạt nh&ograve;a những giấc mơ &ecirc;m, nhạc nh&ograve;a những ph&uacute;t b&ecirc;n nhau<br />\r\nNghe bao năm đường đời cho t&ocirc;i biết bao đắng cay<br />\r\nV&agrave; cho t&ocirc;i bao nhớ thương , thời gian y&ecirc;n vui khi b&eacute; thơ b&ecirc;n nhau<br />\r\n<br />\r\nBuồn vui h&ocirc;m qua như gi&aacute; tim t&ocirc;i khi t&ocirc;i mơ<br />\r\nVẫn l&agrave;m t&ocirc;i kh&oacute;c với những nỗi đau của ri&ecirc;ng t&ocirc;i<br />\r\n<br />\r\nTh&aacute;ng ng&agrave;y đi qua giờ c&ograve;n lại g&igrave; trong t&ocirc;i dấu y&ecirc;u xưa người hỡi<br />\r\n<br />\r\nVề nơi đ&acirc;u, những mộng mơ<br />\r\nVề nơi đ&acirc;u, hỡi những niềm vui<br />\r\nC&ograve;n lại m&igrave;nh t&ocirc;i đang đứng giữa trời hay l&agrave; t&ocirc;i đang về đ&acirc;u...<br />\r\nVề nơi đ&acirc;u, c&aacute;nh diều kia<br />\r\nVề nơi đ&acirc;u, hỡi tuổi thần ti&ecirc;n<br />\r\nC&ograve;n lại m&igrave;nh t&ocirc;i đang đứng giữa trời hay l&agrave; t&ocirc;i đang về đ&acirc;u ....t&ocirc;i về đ&acirc;u<br />\r\n<br />\r\nD&ograve;ng thời gian tr&ocirc;i qua c&oacute; x&oacute;a hết bao niềm đau<br />\r\nNgồi c&ocirc; đơn d&acirc;ng l&ecirc;n kh&oacute;e mắt khiến cho lệ tu&ocirc;n<br />\r\nNg&agrave;y th&aacute;ng cứ m&atilde;i tr&ocirc;i qua<br />\r\nHạnh ph&uacute;c cứ m&atilde;i tr&ocirc;i đi<br />\r\nGiờ t&igrave;m đ&acirc;u thấy...</p>\r\n', '2021-08-08 09:52:20', 2, 'maxresdefault (1)-205873333288600.jpg', 0, '<iframe width=\"560\" height=\"315\" src=\"https://www.youtube.com/embed/qHVPotIB-kw\" title=\"YouTube video player\" frameborder=\"0\" allow=\"accelerometer; autoplay; clipboard-write; encrypted-media; gyroscope; picture-in-picture\" allowfullscreen></iframe>'),
(30, 'Suýt nữa thì', ' Suyt nua thi anh co the noi muon van loi muon noi\r\nSuyt nua thi co the deo em, qua tung hang pho quen\r\nDong luu but nam xua viet voi hay con nho nhau den nhung ngay sau\r\nTinh yeu dau tien anh giu, van ven nguyen noi con tim nay.\r\n', '<p>1. Suyt nua thi anh co the noi muon van loi muon noi<br />\r\nSuyt nua thi co the deo em, qua tung hang pho quen<br />\r\nDong luu but nam xua viet voi hay con nho nhau den nhung ngay sau<br />\r\nTinh yeu dau tien anh giu, van ven nguyen noi con tim nay.<br />\r\n<br />\r\nAnh con nho moi luc tan truong ngai ngung theo em<br />\r\nLa con pho, co hoa bay anh mai theo sau<br />\r\nKhoang cach ay ma sao xa qua chang the nao de toi ben em<br />\r\nThoi thanh xuan anh dang co la nhung noi buon nuoi tiec.<br />\r\n<br />\r\n[DK:]<br />\r\nLoi chua noi anh tha vao trong con gio nhan voi may troi<br />\r\nTinh yeu do chi rieng anh biet anh cung chang mong hon nhieu<br />\r\nLieu rang em con ai dua don, anh o tho doi theo em<br />\r\nNeu co the tro ve hom ay, anh se chang de phi co hoi.<br />\r\n<br />\r\nTung vong quay tren chiec xe dap anh don dua em ngang qua<br />\r\nThoi thanh xuan, ma ta cung nhau viet len nhung giac mo dep<br />\r\nMot buoi chieu ngap tran manh vo roi ra tu hanh phuc rieng anh<br />\r\nSuyt nua thi nguoi da biet yeu thuong mot thoi anh da tuong tu.<br />\r\n(Suyt nua thi nguoi da biet anh yeu em)<br />\r\n<br />\r\n2. Qua cho bay muon nhac anh rang hay dung nuoi tiec<br />\r\nVay ma sao chinh anh van mai hy vong<br />\r\nDe roi tren doan duong phia truoc ta vo tinh nhin thay nhau<br />\r\nLieu bay gio anh se noi nhung tinh yeu cat giu bay lau.<br />\r\n<br />\r\nAi cung phai goi cho minh khoang troi ky uc<br />\r\nAi cung phai co trong tim mot vai vet thuong<br />\r\nThoi gian troi chang cho doi ai em da duoc nguoi don ai dua<br />\r\nTinh yeu anh van the van mai chon vui noi day.</p>\r\n', '2021-08-08 09:54:36', 2, 'loi-bai-hat-giu-em-di-205858535499900.jpg', 1, '<iframe width=\"560\" height=\"315\" src=\"https://www.youtube.com/embed/cUmpJ2zwfVU\" title=\"YouTube video player\" frameborder=\"0\" allow=\"accelerometer; autoplay; clipboard-write; encrypted-media; gyroscope; picture-in-picture\" allowfullscreen></iframe>'),
(31, 'Muộn rồi mà sao còn', 'Đã bao nhiêu lần... khóc trong mơ\r\nĐến khi con tim dại điên vì trông chờ em dù em không quay về (nữa)', '<p>Đ&atilde; bao nhi&ecirc;u lần... kh&oacute;c trong mơ<br />\r\nĐến khi con tim dại đi&ecirc;n v&igrave; tr&ocirc;ng chờ em d&ugrave; em kh&ocirc;ng quay về (nữa)<br />\r\n<br />\r\nN&aacute;t tan linh hồn, ng&oacute;ng tin em.<br />\r\nHỏi sao &acirc;n t&igrave;nh ng&agrave;y xưa mặn nồng m&agrave; sao buồn như m&acirc;y t&igrave;m gi&oacute;.<br />\r\n<br />\r\n&Ocirc;m c&ocirc; đơn khi anh gọi em trong b&oacute;ng đ&ecirc;m<br />\r\nbao quanh quạnh hiu, t&igrave;nh y&ecirc;u mất rồi<br />\r\nNh&oacute;i đau, cuộc t&igrave;nh t&agrave;n như sao vỡ tr&ecirc;n trời (Hi ... ... ... ...)<br />\r\n<br />\r\nBao ph&uacute;t gi&acirc;y dại khờ n&ecirc;n mang đến bao u ho&agrave;i v&agrave; c&ugrave;ng cho nhau đớn đau.<br />\r\nĐ&ecirc;m nay đơn c&ocirc;i, kh&ocirc;ng gian vắng đi m&ocirc;i cười<br />\r\nKhi anh biết xa em rồi, muộn m&agrave;ng xin c&acirc;u thứ tha.<br />\r\n<br />\r\nĐ&atilde; h&eacute;o b&ocirc;ng hoa t&igrave;nh y&ecirc;u, c&ograve;n g&igrave; cho nhau hỡi em !<br />\r\nHỡi emmmmmmmm<br />\r\nwowowowowowowowowowowwoooooo<br />\r\n<br />\r\n&Ocirc;m c&ocirc; đơn khi anh gọi em trong b&oacute;ng đ&ecirc;m<br />\r\nbao quanh quạnh hiu, t&igrave;nh y&ecirc;u mất rồi<br />\r\nNh&oacute;i đau, cuộc t&igrave;nh t&agrave;n như sao vỡ tr&ecirc;n trời (Hi ... ... ... ...)<br />\r\n<br />\r\nBao ph&uacute;t gi&acirc;y dại khờ n&ecirc;n mang đến bao u ho&agrave;i v&agrave; c&ugrave;ng cho nhau đớn đau.<br />\r\nĐ&ecirc;m nay đơn c&ocirc;i, kh&ocirc;ng gian vắng đi m&ocirc;i cười<br />\r\nKhi anh biết xa em rồi, muộn m&agrave;ng xin c&acirc;u thứ tha.<br />\r\n<br />\r\nĐK:<br />\r\nXa nhau rồi thấy y&ecirc;u ng&agrave;y th&aacute;ng xưa rồi m&atilde;i đi t&igrave;m<br />\r\nCon tim thuở trao &acirc;n t&igrave;nh<br />\r\nD&ugrave; rằng trong cơn b&atilde;o d&ocirc;ng</p>\r\n', '2021-08-08 09:58:29', 2, 'hqdefault-205834529829800.jpg', 1, '<iframe width=\"560\" height=\"315\" src=\"https://www.youtube.com/embed/xypzmu5mMPY\" title=\"YouTube video player\" frameborder=\"0\" allow=\"accelerometer; autoplay; clipboard-write; encrypted-media; gyroscope; picture-in-picture\" allowfullscreen></iframe>'),
(32, 'Sau tất cả', 'Sau tất cả mình lại trở về với nhau\r\nTựa như chưa bắt đầu, tựa như ta vừa mới quen\r\nSau tất cả long chẳng hề đổi thay\r\nTừng ngày xa lìa khiến con tim bồi hồi\r\nVà ta lại gần nhau hơn nữa', '<p>Sau tất cả m&igrave;nh lại trở về với nhau<br />\r\nTựa như chưa bắt đầu, tựa như ta vừa mới quen<br />\r\nSau tất cả long chẳng hề đổi thay<br />\r\nTừng ng&agrave;y xa l&igrave;a khiến con tim bồi hồi<br />\r\nV&agrave; ta lại gần nhau hơn nữa<br />\r\n<br />\r\n[Pre-chorus]<br />\r\nC&oacute; những l&uacute;c đ&ocirc;i ta giận hờn<br />\r\nThầm tr&aacute;ch nhau kh&ocirc;ng một ai n&oacute;i điều g&igrave;<br />\r\nThời gian cứ chậm lại, từng gi&acirc;y ph&uacute;t sao qu&aacute; d&agrave;i<br />\r\nĐể khiến anh nhận ra m&igrave;nh cần em hơn<br />\r\n<br />\r\n[Chorus]<br />\r\nT&igrave;nh y&ecirc;u cứ thế đong đầy trong anh từng ng&agrave;y<br />\r\nV&igrave; qu&aacute; y&ecirc;u em n&ecirc;n kh&ocirc;ng thể l&agrave;m g&igrave; kh&aacute;c<br />\r\nChỉ cần ta m&atilde;i lu&ocirc;n d&agrave;nh cho nhau những ch&acirc;n th&agrave;nh<br />\r\nMọi kh&oacute; khan cũng chỉ l&agrave; thử th&aacute;ch<br />\r\nV&igrave; tr&aacute;i tim ta lu&ocirc;n lu&ocirc;n thuộc về nhau<br />\r\n<br />\r\nSau tất cả m&igrave;nh lại chung lối đi<br />\r\nĐoạn đường ta c&oacute; nhau, b&agrave;n tay nắm chặt bấy l&acirc;u<br />\r\nSau tất cả m&igrave;nh c&ugrave;ng nhau sẻ chia<br />\r\nMuộn phiền kh&ocirc;ng thể khiến đ&ocirc;i tim nhạt nho&agrave;<br />\r\nV&agrave; ta lại gần nhau hơn nữa<br />\r\n<br />\r\n[Pre-chorus]<br />\r\n<br />\r\n[Chorus]<br />\r\n<br />\r\nGiữ chặt b&agrave;n tay m&igrave;nh c&ugrave;ng nhau đi hết bao th&aacute;ng ng&agrave;y<br />\r\nMọi điều gian kh&oacute; ta lu&ocirc;n vượt qua<br />\r\nĐể khiến ta nhận ra m&igrave;nh gần nhau hơn</p>\r\n', '2021-08-08 10:04:11', 3, 'hiphopjpg-205817541765700.jpg', 3, '<iframe width=\"560\" height=\"315\" src=\"https://www.youtube.com/embed/wHF3Jv6Gk2o\" title=\"YouTube video player\" frameborder=\"0\" allow=\"accelerometer; autoplay; clipboard-write; encrypted-media; gyroscope; picture-in-picture\" allowfullscreen></iframe>'),
(33, 'Yêu là tha thu', 'Tinh yeu nhu mon qua,\r\nkhi co nhau dung quen la\r\nTung vui khoc cung nhau ma\r\nco sao ta voi muon cach xa?\r\nTinh yeu vo tan, cu quay dau lai phia sau\r\nxem ai da dang ke canh ta luc dau?', '<p>Trong ky uc anh khi ay<br />\r\nLan dau gap go lam tim nho nhung<br />\r\nRoi tung ngay troi qua<br />\r\nTrong tham tam bong choc nhan ra am ap tran ve moi luc<br />\r\n<br />\r\nKhi em den, ngay hom ay<br />\r\nMot nguoi dang dung, gan ngay ke ben<br />\r\nVoi cam ban tay em<br />\r\nLoi di nhanh truoc mat cua anh luc day ...<br />\r\nmo dan roi bien mat ...<br />\r\n<br />\r\nRe (Hat lap lai):<br />\r\nRoi nhieu lan khi anh thay em cuoi<br />\r\nNhieu lan nuoc mat roi xuong uot nhoa<br />\r\nDan long manh me di ke ben va muon noi<br />\r\n&quot;Dung buon mot nguoi khong nho den ta&quot;<br />\r\n<br />\r\nDiep khuc:<br />\r\nTinh yeu nhu mon qua,<br />\r\nkhi co nhau dung quen la<br />\r\nTung vui khoc cung nhau ma<br />\r\nco sao ta voi muon cach xa?<br />\r\nTinh yeu vo tan, cu quay dau lai phia sau<br />\r\nxem ai da dang ke canh ta luc dau?<br />\r\n<br />\r\nTinh yeu sao khac thuong<br />\r\nDoi luc ta that kien cuong<br />\r\nNhieu nguoi trach minh dien cuong<br />\r\nCu lao theo du khong loi ra<br />\r\nMot khi da yeu, trai tim bang long thu tha<br />\r\ncho qua khu hai ta, tung di qua.</p>\r\n', '2021-08-08 10:19:19', 3, 'g_20190422103000-205804446053400.jpg', 5, '<iframe width=\"560\" height=\"315\" src=\"https://www.youtube.com/embed/-nnWBhKZeg0\" title=\"YouTube video player\" frameborder=\"0\" allow=\"accelerometer; autoplay; clipboard-write; encrypted-media; gyroscope; picture-in-picture\" allowfullscreen></iframe>'),
(34, 'Phía sau 1 cô gái', '[ Nên anh lùi bước về sau, để thấy em rõ hơn\r\nĐể có thể ngắm em từ xa âu yếm hơn\r\nCả nguồn sống bỗng chốc thu bé lại vừa bằng 1 cô gái\r\nHay anh vẫn sẽ lặng lẽ kế bên\r\nDù ko nắm tay nhưng đường chung mãi mãi\r\nVà từ ấy ánh mắt anh hồn nhiên đến lạ', '<p>Verse I:<br />\r\nNhiều khi anh mong được một lần n&oacute;i ra hết tất cả thay v&igrave;,<br />\r\nNgồi lặng im nghe em kể về anh ta bằng đ&ocirc;i mắt lấp l&aacute;nh<br />\r\nĐ&ocirc;i l&uacute;c em tr&aacute;nh &aacute;nh mắt của anh<br />\r\nV&igrave; dường như l&uacute;c n&agrave;o em cũng hiểu thấu l&ograve;ng anh.<br />\r\nKo thể ngắt lời, c&agrave;ng ko thể để giọt lệ n&agrave;o đc rơi<br />\r\n<br />\r\nChorus:<br />\r\nN&ecirc;n anh l&ugrave;i bước về sau, để thấy em r&otilde; hơn<br />\r\nĐể c&oacute; thể ngắm em từ xa &acirc;u yếm hơn<br />\r\nCả nguồn sống bỗng chốc thu b&eacute; lại vừa bằng 1 c&ocirc; g&aacute;i<br />\r\nHay anh vẫn sẽ lặng lẽ kế b&ecirc;n<br />\r\nD&ugrave; ko nắm tay nhưng đường chung m&atilde;i m&atilde;i<br />\r\nV&agrave; từ ấy &aacute;nh mắt anh hồn nhi&ecirc;n đến lạ<br />\r\n<br />\r\nVerse II:<br />\r\nChẳng một ai c&oacute; thể cản được tr&aacute;i tim khi đ&atilde; lỡ y&ecirc;u rồi<br />\r\nĐừng ai can ngăn t&ocirc;i khuy&ecirc;n t&ocirc;i bu&ocirc;ng xu&ocirc;i v&igrave; y&ecirc;u kh&ocirc;ng c&oacute; lỗi<br />\r\nAi cũng ước muốn khao kh&aacute;t được y&ecirc;u<br />\r\nĐược chờ mong tới giờ ai nhắc đưa đ&oacute;n buổi chiều<br />\r\nMỗi s&aacute;ng thức dậy được ngắm một người nằm cạnh ngủ say.<br />\r\n<br />\r\nChorus:<br />\r\n[ N&ecirc;n anh l&ugrave;i bước về sau, để thấy em r&otilde; hơn<br />\r\nĐể c&oacute; thể ngắm em từ xa &acirc;u yếm hơn<br />\r\nCả nguồn sống bỗng chốc thu b&eacute; lại vừa bằng 1 c&ocirc; g&aacute;i<br />\r\nHay anh vẫn sẽ lặng lẽ kế b&ecirc;n<br />\r\nD&ugrave; ko nắm tay nhưng đường chung m&atilde;i m&atilde;i<br />\r\nV&agrave; từ ấy &aacute;nh mắt anh hồn nhi&ecirc;n đến lạ ] x 2<br />\r\n<br />\r\nV&igrave; sao anh kh&ocirc;ng thể gặp được em sớm hơn</p>\r\n', '2021-08-08 10:21:18', 3, 'f1af272d318a2aef209ce13f004a74f1_1367136050-1-205790674540200.jpg', 8, '<iframe width=\"560\" height=\"315\" src=\"https://www.youtube.com/embed/j__Q13iAxNk\" title=\"YouTube video player\" frameborder=\"0\" allow=\"accelerometer; autoplay; clipboard-write; encrypted-media; gyroscope; picture-in-picture\" allowfullscreen></iframe>'),
(35, 'Tình yêu hoa gió', 'Ngày nào hoa, kia vẫn xanh\r\nNgày nào hoa ngả hương trên cành\r\nCơn gió về, cánh hoa tàn lặng thầm rụng rơi\r\nTheo gió bay, để được bất kéo về nơi nay........', '<p>Ngồi b&ecirc;n hi&ecirc;n<br />\r\nNgắm l&aacute; rơi<br />\r\nNh&igrave;n nụ hoa đả phai sắt m&agrave;u<br />\r\nRơi trước nh&agrave;<br />\r\nBỏng sao l&ograve;ng m&igrave;nh chợt buồn t&ecirc;nh<br />\r\nT&igrave;nh ch&uacute;ng ta, sao b&acirc;y giờ tựa như l&aacute; &uacute;a<br />\r\n<br />\r\nNg&agrave;y n&agrave;o hoa, kia vẫn xanh<br />\r\nNg&agrave;y n&agrave;o hoa ngả hương tr&ecirc;n c&agrave;nh<br />\r\nCơn gi&oacute; về, c&aacute;nh hoa t&agrave;n lặng thầm rụng rơi<br />\r\nTheo gi&oacute; bay, để được bất k&eacute;o về nơi nay........<br />\r\n<br />\r\nĐIỆP KH&Uacute;C:<br />\r\nNgắm hoa rơi l&ograve;ng anh bỏng nhớ<br />\r\nNhớ 1 người m&agrave; anh lu&ocirc;n y&ecirc;u<br />\r\n1 t&igrave;nh y&ecirc;u đả qu&aacute; nhiều<br />\r\nƯớc mong em đươc vui nơi ấy<br />\r\nƯớc mong em sẽ qu&ecirc;n nơi đ&acirc;y<br />\r\nD&ugrave; điều ấy, qu&aacute; đắng cay<br />\r\nGi&oacute; đ&ocirc;ng sang, nổi nhớ em, vuốt ng&agrave;n......</p>\r\n', '2021-08-08 10:24:24', 3, 'erik-sau-tat-ca-1-1467793197-205773293710700.jpg', 14, '<iframe width=\"560\" height=\"315\" src=\"https://www.youtube.com/embed/gM2hp-Xb8MM\" title=\"YouTube video player\" frameborder=\"0\" allow=\"accelerometer; autoplay; clipboard-write; encrypted-media; gyroscope; picture-in-picture\" allowfullscreen></iframe>'),
(36, 'Người tôi yêu', 'Hỡi người tôi yêu\r\nCó thấu cho chiều nay\r\nLặng nhìn mây trôi theo gió mây ơi về đâu ?', '<p>Hỡi người t&ocirc;i y&ecirc;u<br />\r\nC&oacute; thấu chăng cho l&ograve;ng t&ocirc;i<br />\r\nMột ng&agrave;y xa nhau, sao thấy như đ&atilde; từ l&acirc;u<br />\r\n<br />\r\nHỡi người t&ocirc;i y&ecirc;u<br />\r\nNg&agrave;y t&ocirc;i nhớ, đ&ecirc;m t&ocirc;i chờ<br />\r\nT&ocirc;i vẫn tương tư, thương nhớ ai trong mộng hờ<br />\r\n<br />\r\nHỡi người y&ecirc;u ơi qu&ecirc;n sao<br />\r\nKỷ niệm ng&agrave;y nao b&ecirc;n nhau<br />\r\nNgọt ng&agrave;o y&ecirc;u thương cho nhau t&igrave;nh xu&acirc;n thắm thiết<br />\r\n<br />\r\nCớ sao em lại giận hờn ?<br />\r\nCớ sao em lại buồn phiền ?<br />\r\nNgười y&ecirc;u dấu ơi !<br />\r\n<br />\r\nC&ugrave;ng nhịp đ&ocirc;i tim thương y&ecirc;u<br />\r\n&ETH;ừng để l&ograve;ng ai c&ocirc; li&ecirc;u<br />\r\n&ETH;ừng để thời gian tr&ocirc;i mau, về tr&ecirc;n m&aacute;i t&oacute;c<br />\r\n<br />\r\nCớ sao em lại ngại ng&ugrave;ng ?<br />\r\nCớ sao em lại lạnh l&ugrave;ng ?<br />\r\n&ETH;&agrave;nh l&ograve;ng qu&ecirc;n sao ?!<br />\r\n<br />\r\nHỡi người t&ocirc;i y&ecirc;u<br />\r\nC&oacute; thấu cho chiều nay<br />\r\nLặng nh&igrave;n m&acirc;y tr&ocirc;i theo gi&oacute; m&acirc;y ơi về đ&acirc;u ?<br />\r\n<br />\r\nNhờ l&agrave;n m&acirc;y bay cho t&ocirc;i gửi t&acirc;m tư n&agrave;y<br />\r\nMang đến cho &quot;ai&quot;; T&ocirc;i n&oacute;i y&ecirc;u &quot;ai&quot; trọn đời</p>\r\n', '2021-08-10 09:24:12', 4, 'bc0df0639c8d8fd3e36cb7795e356c48_1296095413-205752330009600.jpg', 1, '<iframe width=\"560\" height=\"315\" src=\"https://www.youtube.com/embed/xG9BZEfsU1I\" title=\"YouTube video player\" frameborder=\"0\" allow=\"accelerometer; autoplay; clipboard-write; encrypted-media; gyroscope; picture-in-picture\" allowfullscreen></iframe>');
INSERT INTO `songs` (`id`, `name`, `preview_text`, `detail_text`, `date_create`, `id_cat`, `picture`, `counter`, `youtube`) VALUES
(37, 'Gió vẫn hát', 'Gió Vẫn Hát - Long Phạm | MV Lyrics | Acoustic Top Hit Nghe Hoài Không Chán\r\nList nhạc acosutsitc nhẹ nhàng: https://www.youtube.com/playlist?list...\r\n* Composer: \r\n* MP3: \r\n☞ Follow \r\n────────────────────────────────────────\r\n★ NOTE: Nếu có bất kỳ vấn đề nào liên quan đến bản quyền trong video, \r\nxin vui lòng liên hệ với mình qua FB: https://goo.gl/kHnrE5\r\nXin chân thành cảm ơn!\r\n────────────────────────────────────────\r\n★ THÔNG TIN QUẢN LÝ KÊNH:\r\n☞ ĐĂNG KÝ KÊNH: https://goo.gl/oKzis6\r\n☞ FACEBOOK:  https://goo.gl/kHnrE5', '<p>♫ Lyrics: Thương th&igrave; thương thế th&ocirc;i biết bao đ&ecirc;m d&agrave;i l&ograve;ng anh ng&oacute;ng tr&ocirc;ng Ở nơi ấy ph&iacute;a xa xa đại dương Tr&aacute;i đất vẫn xoay vẫn xoay tr&ograve;n hai người y&ecirc;u nhau Chờ mong đến một ng&agrave;y ta thuộc về nhau Anh vẫn đứng đ&acirc;y, như khung cửa sổ Anh vẫn đứng đ&acirc;y, chờ nắng l&ecirc;n C&ograve;n em giờ đang nơi đ&acirc;u c&oacute; hay chăng buồn nắng khẽ vai gầy Người y&ecirc;u hỡi anh nhớ tiếng em &agrave; ơi! Gi&oacute; vẫn h&aacute;t th&agrave;nh lời Mặc kệ b&acirc;y đang bay về trời Ở nơi đ&acirc;y gi&oacute; lại buồn biết bao nhi&ecirc;u Những nỗi nhớ một thời Người đi xa b&ecirc;n hi&ecirc;n sao kh&ocirc;ng về đ&acirc;y Người y&ecirc;u ơi h&atilde;y về đ&acirc;y b&ecirc;n anh DD2: Bao ng&agrave;y anh ng&oacute;ng tr&ocirc;ng đ&atilde; bao đ&ecirc;m rồi, anh vẫn ng&oacute;ng tr&ocirc;ng Ở nơi ấy ph&iacute;a xa xa tr&ugrave;ng m&atilde;i Mai lời anh h&aacute;t l&ecirc;n tr&aacute;i tim anh d&agrave;nh đến cho em Người y&ecirc;u ơi anh chỉ y&ecirc;u ri&ecirc;ng m&igrave;nh em th&ocirc;i Gi&oacute; vẫn h&aacute;t th&agrave;nh lời Mặc kệ b&acirc;y đang bay về trời Ở nơi đ&acirc;y gi&oacute; lại buồn biết bao nhi&ecirc;u Những nỗi nhớ một thời Người đi xa b&ecirc;n hi&ecirc;n sao kh&ocirc;ng về đ&acirc;y Người y&ecirc;u ơi h&atilde;y quay về đ&acirc;y b&ecirc;n anh T&igrave;nh y&ecirc;u ấy anh chỉ trao ri&ecirc;ng m&igrave;nh em th&ocirc;i D&ugrave; ng&agrave;y mai b&atilde;o gi&ocirc;ng ngập tr&ugrave;ng Th&igrave; t&igrave;nh y&ecirc;u anh trao em m&atilde;i m&atilde;i Người y&ecirc;u ơi anh mai m&atilde;i y&ecirc;u ri&ecirc;ng m&igrave;nh em th&ocirc;i</p>\r\n', '2021-08-10 09:29:37', 4, '1538549680324_640-205742299256900.jpg', 1, '<iframe width=\"560\" height=\"315\" src=\"https://www.youtube.com/embed/1d2HfH8EBsk\" title=\"YouTube video player\" frameborder=\"0\" allow=\"accelerometer; autoplay; clipboard-write; encrypted-media; gyroscope; picture-in-picture\" allowfullscreen></iframe>'),
(38, 'Đồi hoa mặt trời', 'Đồi Hoa Mặt Trời - Hoàng Yến Chibi 「Lyric Video」| MV HD\r\nĐăng ký kênh để xem nhiều video mới tại : http://bit.ly/likeMUSO\r\n\r\nTheo dõi •MUSO•Cảm xúc âm nhạc trên :\r\n►Fan Page : https://www.facebook.com/camxucamnhac...\r\n►Facebook: https://www.facebook.com/nhacmoi.fp/\r\n►Website :   http://hamedia.vn', '<p>Giữa m&ecirc;nh m&ocirc;ng hoa mặt trời</p>\r\n\r\n<p>Trải d&agrave;i cuối ch&acirc;n đồi ph&iacute;a xa</p>\r\n\r\n<p>Ngồi b&ecirc;n anh m&atilde;i kh&ocirc;ng rời</p>\r\n\r\n<p>B&igrave;nh y&ecirc;n nghe hương thơm cỏ c&acirc;y.</p>\r\n\r\n<p>Gi&oacute; ơi gi&oacute; đừng vội k&eacute;o m&acirc;y</p>\r\n\r\n<p>K&eacute;o hạt mưa rớt qua nơi n&agrave;y</p>\r\n\r\n<p>Để em ngắm nụ cười của anh</p>\r\n\r\n<p>Cứ dịu d&agrave;ng m&agrave; lại nồng say.</p>\r\n\r\n<p>[ĐK:] Những nụ cười m&igrave;nh ươm trong nắng</p>\r\n\r\n<p>Những ngọt ng&agrave;o gửi v&agrave;o c&agrave;nh hoa</p>\r\n\r\n<p>Những kỉ niệm lặng im tr&ecirc;n m&acirc;y</p>\r\n\r\n<p>Để nơi n&agrave;y của ri&ecirc;ng đ&ocirc;i ta.</p>\r\n\r\n<p>Để mai n&agrave;y d&ugrave; xa hai hướng</p>\r\n\r\n<p>Vẫn c&oacute; người hằng ng&agrave;y chờ anh</p>\r\n\r\n<p>Đến một ng&agrave;y m&igrave;nh lại gặp nhau</p>\r\n\r\n<p>Giữa ngọn đồi ngập m&agrave;u v&agrave;ng tươi</p>\r\n\r\n<p>Những b&ocirc;ng hoa mặt trời.</p>\r\n', '2021-08-10 09:31:37', 4, '1494842845652_640-205731699732800.jpg', 1, '<iframe width=\"560\" height=\"315\" src=\"https://www.youtube.com/embed/gDi4tuaX36s\" title=\"YouTube video player\" frameborder=\"0\" allow=\"accelerometer; autoplay; clipboard-write; encrypted-media; gyroscope; picture-in-picture\" allowfullscreen></iframe>'),
(39, 'Tựa vào vai anh', '▶ Khanh Phuong Facebook: www.facebook.com/khanhphuongsinger\r\n▶ Subscribe: http://bit.ly/khanhphuongtube\r\n© Bản quyền thuộc về công ty truyền thông giải trí A FANG ENTERTAINMENT, Việt Nam.\r\n© Copyright by A FANG ENTERTAINMENT Records, Vietnam.\r\nAll rights reserved\r\n☞ PLEASE DON\'T REUP', '<p>Phải chi đ&ecirc;m tr&ocirc;i mau để tia nắng ấm &aacute;p</p>\r\n\r\n<p>Sớm mai kia &ocirc;m lấy em giấc mơ nhẹ nh&agrave;ng</p>\r\n\r\n<p>B&igrave;nh minh l&ecirc;n mang theo từng hơi ấm cho em</p>\r\n\r\n<p>Giống như c&oacute; anh kề b&ecirc;n</p>\r\n\r\n<p>Ng&agrave;y y&ecirc;u em anh đ&acirc;u n&agrave;o hay biết c&oacute; l&uacute;c</p>\r\n\r\n<p>Tr&aacute;i tim ta đau đớn khi c&aacute;ch xa nhiều vậy</p>\r\n\r\n<p>Chỉ mong em m&atilde;i m&atilde;i được hạnh ph&uacute;c trong đời</p>\r\n\r\n<p>Dẫu mai hai ch&uacute;ng ta kh&ocirc;ng c&ograve;n nhau</p>\r\n\r\n<p>Đ&atilde; c&oacute; những l&uacute;c bu&ocirc;ng xu&ocirc;i dần</p>\r\n\r\n<p>Đ&atilde; c&oacute; những l&uacute;c qu&ecirc;n kỉ niệm</p>\r\n\r\n<p>Từng kỉ niệm ngọt ng&agrave;o ng&agrave;y n&agrave;o khi c&otilde;i l&ograve;ng băng gi&aacute;</p>\r\n\r\n<p>Ph&uacute;t chốc nước mắt rơi trong l&ograve;ng</p>\r\n\r\n<p>Cố gắng nắm lấy cơn mơ mộng</p>\r\n\r\n<p>Để th&ecirc;m một lần tựa vai nhau bước đi</p>\r\n\r\n<p>Một lần lại được b&ecirc;n em</p>\r\n\r\n<p>Một lần lại được y&ecirc;u em</p>\r\n\r\n<p>Một lần nữa ch&uacute;ng ta</p>\r\n\r\n<p>Cho nhau giấc mơ &ecirc;m đềm ban đầu</p>\r\n\r\n<p>Ng&agrave;y ng&agrave;y lại d&agrave;nh cho em</p>\r\n\r\n<p>H&atilde;y tựa v&agrave;o vai anh xem</p>\r\n\r\n<p>Nhẹ nh&agrave;ng những y&ecirc;u thương</p>\r\n\r\n<p>B&ecirc;n em rất nhanh kh&ocirc;ng c&ograve;n mong manh</p>\r\n\r\n<p>Dịu d&agrave;ng một bờ vai &ecirc;m</p>\r\n\r\n<p>Chở che ng&agrave;y ng&agrave;y đ&ecirc;m đ&ecirc;m</p>\r\n\r\n<p>Chẳng c&ograve;n những đau thương</p>\r\n\r\n<p>Khi anh khẽ h&ocirc;n l&ecirc;n bờ m&ocirc;i mềm</p>\r\n\r\n<p>Một lần lại được y&ecirc;u em</p>\r\n\r\n<p>H&atilde;y tựa v&agrave;o vai anh xem</p>\r\n\r\n<p>Một lần nữa anh đem</p>\r\n\r\n<p>Bao nhi&ecirc;u giấc mơ b&ecirc;n cạnh em.</p>\r\n', '2021-08-10 09:37:08', 4, 'thumb_660_a421d991-5849-4789-a7d9-4ced65d508c3-205721506727100.jpg', 1, '<iframe width=\"560\" height=\"315\" src=\"https://www.youtube.com/embed/NCSsG5WJVhU\" title=\"YouTube video player\" frameborder=\"0\" allow=\"accelerometer; autoplay; clipboard-write; encrypted-media; gyroscope; picture-in-picture\" allowfullscreen></iframe>'),
(40, 'Hãy trao cho anh', 'Executive Producer: Nguyen Thanh Tung \r\nComposer: Son Tung M-TP \r\nMusic Producer: ONIONN\r\nArtist: Son Tung M-TP\r\nFeaturing with: Snoop Dogg (Snoop Dogg appears courtesy of Doggy Style Records)\r\nMain Actress: Madison Beer\r\nProject Producer: M&M House\r\n\r\nProject management: Chau LE\r\nMarketing Director: Henry Nguyen\r\nPR Executive: Nhat Duy\r\nTalent Manager: Tran Song Hanh Nhan', '<p>B&oacute;ng ai đ&oacute; nhẹ nh&agrave;ng vụt qua nơi đ&acirc;y<br />\r\nQuyến rũ ng&acirc;y ngất loạn nhịp l&agrave;m tim m&ecirc; say<br />\r\nCuốn lấy &aacute;ng m&acirc;y theo cơn s&oacute;ng x&ocirc; dập d&igrave;u<br />\r\nNụ cười ngọt ng&agrave;o cho ta tan v&agrave;o ph&uacute;t gi&acirc;y mi&ecirc;n man qu&ecirc;n hết con đường về eh<br />\r\nChẳng thể t&igrave;m thấy lối về ehhhhh<br />\r\nĐiệu nhạc h&ograve;a quyện trong &aacute;nh mắt đ&ocirc;i m&ocirc;i<br />\r\nDẫn lối những bối rối rung động khẽ l&ecirc;n ng&ocirc;i</p>\r\n\r\n<p>&nbsp;</p>\r\n\r\n<p>Chạm nhau mang v&ocirc; v&agrave;n<br />\r\nĐắm đuối vấn vương d&acirc;ng tr&agrave;n<br />\r\nLấp k&iacute;n chốn nh&acirc;n gian<br />\r\nL&agrave;n gi&oacute; ho&aacute; sắc hương mơ m&agrave;ng<br />\r\nMột gi&acirc;y ngang qua đời<br />\r\nCất tiếng n&oacute;i kh&ocirc;ng n&ecirc;n lời<br />\r\nẤm &aacute;p đến trao tay ng&agrave;n sao trời l&ograve;ng c&agrave;ng th&ecirc;m chơi vơi<br />\r\nDịu &ecirc;m kh&ocirc;ng gian bừng s&aacute;ng đ&aacute;nh thức mu&ocirc;n hoa mừng<br />\r\nQuấn qu&iacute;t h&aacute;t ng&acirc;n nga từng ch&uacute;t n&iacute;u bước ch&acirc;n em dừng<br />\r\nBao &yacute; thơ tương tư ngẩn ngơ<br />\r\nLưu dấu nơi m&ecirc; cung đẹp thẫn thờ</p>\r\n\r\n<p>&nbsp;</p>\r\n\r\n<p>H&atilde;y trao cho anh<br />\r\nH&atilde;y trao cho anh<br />\r\nH&atilde;y trao cho anh thứ anh đang mong chờ<br />\r\nH&atilde;y trao cho anh<br />\r\nH&atilde;y trao cho anh<br />\r\nH&atilde;y mau l&agrave;m điều ta muốn v&agrave;o khoảnh khắc n&agrave;y đ&ecirc;<br />\r\nH&atilde;y trao cho anh<br />\r\nH&atilde;y trao cho anh<br />\r\nH&atilde;y trao anh trao cho anh đi những y&ecirc;u thương nồng ch&aacute;y<br />\r\nTrao anh &aacute;i &acirc;n nguy&ecirc;n vẹn đong đầy</p>\r\n\r\n<p>&nbsp;</p>\r\n\r\n<p>Looking at my Gucci is about that time<br />\r\nWe can smoke a blunt and pop a bottle of wine<br />\r\nNow get yourself together and be ready by nine<br />\r\nCuz we gon&rsquo; do some things that will shatter your spine<br />\r\nCome one, undone, Snoop Dogg, Son Tung<br />\r\nLong Beach is the city that I come from<br />\r\nSo if you want some, get some<br />\r\nBetter enough take some, take some</p>\r\n\r\n<p>&nbsp;</p>\r\n\r\n<p>Chạm nhau mang v&ocirc; v&agrave;n<br />\r\nĐắm đuối vấn vương d&acirc;ng tr&agrave;n<br />\r\nLấp k&iacute;n chốn nh&acirc;n gian l&agrave;n<br />\r\nGi&oacute; h&oacute;a sắc hương mơ m&agrave;ng<br />\r\nMột gi&acirc;y ngang qua đời<br />\r\nCất tiếng n&oacute;i kh&ocirc;ng n&ecirc;n lời<br />\r\nẤm &aacute;p đến trao tay ng&agrave;n sao trời l&ograve;ng c&agrave;ng th&ecirc;m chơi vơi<br />\r\nDịu &ecirc;m kh&ocirc;ng gian bừng s&aacute;ng đ&aacute;nh thức mu&ocirc;n hoa mừng<br />\r\nQuấn qu&iacute;t h&aacute;t ng&acirc;n nga từng ch&uacute;t n&iacute;u bước ch&acirc;n em dừng<br />\r\nBao &yacute; thơ tương tư ngẩn ngơ<br />\r\nLưu dấu nơi m&ecirc; cung đẹp thẫn thờ</p>\r\n\r\n<p>&nbsp;</p>\r\n', '2021-08-10 09:40:52', 4, 'Rosa_chinensis_petals-205691880045800.jpg', 2, '<iframe width=\"560\" height=\"315\" src=\"https://www.youtube.com/embed/knW7-x7Y7RE\" title=\"YouTube video player\" frameborder=\"0\" allow=\"accelerometer; autoplay; clipboard-write; encrypted-media; gyroscope; picture-in-picture\" allowfullscreen></iframe>'),
(41, 'Mười năm', 'Đen - Mười Năm ft. Ngọc Linh (Lộn Xộn 3) \r\nDownload/Stream: https://denvau.lnk.to/10Nam-LonXon3\r\n\r\nComposer: Lynk Lee & Đen\r\nProd. by MISERY\r\nRecord/Mix/Master: Trác Ngọc Lĩnh\r\nRecord Ack Studio\r\n\r\nDirected: LamTanHuy\r\nCinematographer: Ho Vo Tan Duy\r\nEditor Colorist: Lil Vu \r\nEquipment: Long Lens\r\n\r\nTrong MV có sử dụng các đoạn quay Đen biểu diễn từ nhiều nơi không rõ nguồn trôi nổi. Rất mong các bạn thông cảm và cảm ơn vì đã ghi lại những khoảnh khắc đó\r\n', '<p>Mười năm rồi anh xa em<br />\r\nNhư chim xanh qu&ecirc;n tổ tội t&igrave;nh<br />\r\nMười năm rồi em bơ vơ<br />\r\n&Ocirc;m trong l&ograve;ng niềm thương nỗi nhớ<br />\r\nMột người đi qu&ecirc;n nẽo về<br />\r\nNgười t&igrave;nh ơi sao vẫn chờ<br />\r\nSao vẫn đợi vẫn chờ tin anh<br />\r\nCho buồn tuổi xanh.<br />\r\n<br />\r\nMười năm rồi anh lanh quanh<br />\r\nVui say trong c&acirc;u h&aacute;t nụ cười<br />\r\nT&igrave;nh y&ecirc;u đầu anh bu&ocirc;ng tr&ocirc;i<br />\r\nĐi theo lời thề non hẹn biển<br />\r\nGiờ c&ograve;n đ&acirc;u bao lời thề<br />\r\nĐ&atilde; th&agrave;nh m&acirc;y bay kh&ocirc;ng về<br />\r\nNay trong đời chỉ c&ograve;n em th&ocirc;i<br />\r\nHỡi người t&igrave;nh ơi.<br />\r\n<br />\r\nH&ocirc;m nay anh về triền mi&ecirc;n b&oacute;ng xế<br />\r\nĐường quanh co d&ugrave; quanh cũng c&oacute; lối về<br />\r\nLối đi về ngặp đầy hương hoa<br />\r\nNgười t&igrave;nh ta đ&oacute;.<br />\r\n<br />\r\nMười năm qua như một giấc mơ<br />\r\nHạnh ph&uacute;c quanh đ&acirc;y nhưng anh n&agrave;o ngờ<br />\r\nM&atilde;i đi t&igrave;m h&igrave;nh b&oacute;ng vu vơ<br />\r\nCh&acirc;n lạc lo&agrave;i ch&acirc;n bước ngu ngơ.<br />\r\n<br />\r\nT&igrave;nh y&ecirc;u n&agrave;o đưa ch&acirc;n anh<br />\r\nTh&ocirc;i lanh quanh quay trở về nh&agrave;<br />\r\nT&igrave;nh y&ecirc;u đầu em cho anh<br />\r\nChưa một lần thề non hẹn biển<br />\r\nM&agrave; t&igrave;nh y&ecirc;u sao vẫn đầy<br />\r\nL&ograve;ng thủy chung em vẫn chờ<br />\r\nAnh b&acirc;y giờ chỉ c&ograve;n em th&ocirc;i hỡi người t&igrave;nh ơi...!!!</p>\r\n', '2021-08-10 09:43:19', 4, 'maxresdefault-205677815956600.jpg', 1, '<iframe width=\"560\" height=\"315\" src=\"https://www.youtube.com/embed/L0NZW6pgSLc\" title=\"YouTube video player\" frameborder=\"0\" allow=\"accelerometer; autoplay; clipboard-write; encrypted-media; gyroscope; picture-in-picture\" allowfullscreen></iframe>'),
(42, 'Người lạ ơi', 'CREDIT\r\nMusic Producer: Superbrothers\r\nMusic Composer: Châu Đăng Khoa\r\nMusic Arrangers: Robin Wesley x Châu Đăng Khoa x Nemo\r\nRobin Wesley Producer: http://www.robinwesleyinstrumentals.com \r\nRobin Wesley YouTube: https://www.youtube.com/user/RobinWes...\r\nRecording: GSN Studio\r\nMastering: Daniel Mastro\r\nSound Engineer: Huynh Hien Nang\r\nDirector: Nguyen Khoa\r\nProject Manager: Vinny Vu\r\nMUA: Doan Minh Trieu\r\nOrange facebook: https://goo.gl/sX2VCj\r\nKarik facebook: https://goo.gl/mbT7zx\r\nChau Dang Khoa: https://goo.gl/SXncJM', '<p>T&ocirc;i lạc quan giữa đ&aacute;m đ&ocirc;ng , nhưng khi 1 m&igrave;nh th&igrave; lại kh&ocirc;ng<br />\r\nCố tỏ ra l&agrave; m&igrave;nh ổn nhưng s&acirc;u b&ecirc;n trong nước mắt l&agrave; biển rộng<br />\r\nLắm l&uacute;c chỉ muốn c&oacute; ai đ&oacute; , dang tay &ocirc;m lấy t&ocirc;i v&agrave;o l&ograve;ng<br />\r\nCho tiếng cười trong mắt được vang vọng c&ocirc; đơn 1 lần rồi khỏi những khoảng trống.<br />\r\nMang niềm tin phủ nắng nơi u uất để trời cảm x&uacute;c t&igrave;m về với mầm sống<br />\r\nĐể nỗi buồn th&ocirc;i b&aacute;m v&iacute;u m&agrave;n đ&ecirc;m sương tr&ecirc;n kho&eacute; mi ng&agrave;y mai th&ocirc;i ngừng đọng chỉ 1 lần th&ocirc;i<br />\r\n... cho sự yếu đuối h&ocirc;m nay th&ocirc;i đợi mong<br />\r\nNgười lạ ơi ! người đến ủi an t&acirc;m hồn n&agrave;y được kh&ocirc;ng ?<br />\r\n<br />\r\nNgười lạ ơi ! Xin cho t&ocirc;i mượn bờ vai<br />\r\nTựa đầu gục ng&atilde; v&igrave; mỏi mệt qu&aacute;<br />\r\nNgười lạ ơi ! Xin cho t&ocirc;i mượn nụ h&ocirc;n<br />\r\nMượn rồi t&ocirc;i trả , đừng vội v&agrave;ng qu&aacute;<br />\r\nNgười lạ ơi ! Xin h&atilde;y gh&eacute; mua gi&ugrave;m t&ocirc;i<br />\r\nMột liều qu&ecirc;n l&atilde;ng , để t&ocirc;i thanh thản<br />\r\nNgười lạ ơi ! Xin cho t&ocirc;i mượn niềm vui<br />\r\nĐể lần yếu đuối n&agrave;y l&agrave; lần cuối th&ocirc;i...<br />\r\n(Beat)<br />\r\n<br />\r\nC&ocirc; đơn , lẻ loi , t&acirc;m tư như s&oacute;ng đ&aacute;nh<br />\r\nChơi vơi , mệt mỏi , t&acirc;m hồn th&igrave; mong manh<br />\r\nKh&ocirc;ng cần người phải qu&aacute; s&acirc;u sắc , chỉ cần bờ vai người đủ rộng<br />\r\nCh&acirc;n th&agrave;nh đừng giấu sau m&agrave;u mắt , c&ugrave;ng chia sớt những nỗi sầu m&ecirc;nh m&ocirc;ng<br />\r\nCho tr&aacute;i tim yếu đuối được nghỉ ngơi c&otilde;i l&ograve;ng hoang sơ h&ocirc;m nay th&ocirc;i dậy s&oacute;ng một người với t&ocirc;i<br />\r\n...vậy l&agrave; đủ ... những thứ c&ograve;n lại chẳng quan trọng<br />\r\nMột người kh&ocirc;ng bao giờ nhắc về qu&aacute; khứ kh&ocirc;ng để t&acirc;m tới những ng&agrave;y t&ocirc;i ng&acirc;y dại<br />\r\nMở l&ograve;ng bao dung bằng tất cả thương cảm d&ugrave; biết chẳng thể c&ugrave;ng đi hết ng&agrave;y mai<br />\r\nCứ nhẹ nh&agrave;ng b&igrave;nh y&ecirc;n như m&acirc;y tr&ocirc;i<br />\r\nCảm x&uacute;c kh&ocirc;ng cần phải &ldquo;ngay&rdquo; lối<br />\r\nLắng nghe thật khẽ c&otilde;i l&ograve;ng t&ocirc;i một người t&ocirc;i cần l&uacute;c n&agrave;y chỉ vậy th&ocirc;i.<br />\r\n<br />\r\nNgười lạ ơi ! Xin cho t&ocirc;i mượn bờ vai<br />\r\nTựa đầu gục ng&atilde; v&igrave; mỏi mệt qu&aacute;<br />\r\nNgười lạ ơi ! Xin cho t&ocirc;i mượn nụ h&ocirc;n<br />\r\nMượn rồi t&ocirc;i trả , đừng vội v&agrave;ng qu&aacute;<br />\r\nNgười lạ ơi ! Xin h&atilde;y gh&eacute; mua gi&ugrave;m t&ocirc;i<br />\r\nMột liều qu&ecirc;n l&atilde;ng , để t&ocirc;i thanh thản<br />\r\nNgười lạ ơi ! Xin cho t&ocirc;i mượn niềm vui<br />\r\nĐể lần yếu đuối n&agrave;y l&agrave; lần cuối th&ocirc;i...<br />\r\n<br />\r\nCả trời t&acirc;m tư t&ocirc;i ở đấy<br />\r\n...<br />\r\nVậy m&agrave; chẳng c&oacute; ai hiểu<br />\r\n...<br />\r\nThứ t&ocirc;i mong mỏi từng ng&agrave;y<br />\r\n...<br />\r\nChỉ đơn giản l&agrave; t&igrave;nh y&ecirc;u l&acirc;u nay cả trời t&acirc;m tư t&ocirc;i ở đ&acirc;y<br />\r\n...<br />\r\nVậy m&agrave; chẳng c&oacute; ai hiểu<br />\r\n<br />\r\nThứ t&ocirc;i mong mỏi từng ng&agrave;y<br />\r\n...<br />\r\nChỉ đơn giản l&agrave; t&igrave;nh y&ecirc;u</p>\r\n', '2021-08-10 09:57:21', 5, 'maxresdefault (8)-205664848566800.jpg', 3, '<iframe width=\"560\" height=\"315\" src=\"https://www.youtube.com/embed/g20t_K9dlhU\" title=\"YouTube video player\" frameborder=\"0\" allow=\"accelerometer; autoplay; clipboard-write; encrypted-media; gyroscope; picture-in-picture\" allowfullscreen></iframe>'),
(43, 'Để em rời xa', 'FBBOIZ xin cám ơn các  bạn đã lắng nghe ca khúc nhiều tâm trạng này , vô cùng trân trọng vì mọi người đã đến đây. \r\nXin hãy để lại ý kiến dưới phần comment để chúng tôi tiếp thu ý kiến của các bạn.\r\nXin chân thành cám ơn tình cảm của các bạn dành cho FBBOIZ. \r\n\r\nCÁC BẠN BẤM NÚT ĐĂNG KÝ (SUBSCRIBE) VÀ BẤM CHUÔNG ĐỂ XEM VIDEO MỚI NHẤT CỦA HƯNG và nhóm NHÉ \r\n Đăng ký kênh JC Hưng Official để xem nhiều video mới tại : \r\nhttp://bit.ly/JCHungOfficial\r\nTheo dõi JC Hưng trên :\r\nFacebook : https://www.facebook.com/phamquoc.hun...\r\nInstagram : https://www.instagram.com/jchungwww/\r\n', '<p>&nbsp;</p>\r\n\r\n<p>*LYRIC: Ph&uacute;c Bồ: V&agrave; nếu e muốn đi xa nơi anh, gạt đi t&igrave;nh y&ecirc;u nơi anh Bỏ qua ng&agrave;y th&aacute;ng c&ugrave;ng nhau vượt qua, nếu em hiểu? Rồi l&uacute;c e kh&oacute;c trong v&ograve;ng tay anh, để anh nhận ra v&agrave; em l&agrave; gi&aacute; trị để anh mang đi theo Suốt cuộc đời... JC Hưng: Ai cũng sẽ chỉ một hạnh ph&uacute;c tr&ecirc;n d&ograve;ng đường đời V&agrave; ai cũng sẽ nhận ra người m&igrave;nh ko thể qu&ecirc;n Th&igrave; em h&atilde;y cứ đi t&igrave;m một hạnh ph&uacute;c mới... T&igrave;m một người thay thế anh trong những đ&ecirc;m.... Hook (Ho&agrave;ng T&ocirc;n): Để anh một m&igrave;nh nh&eacute; em em cứ đi đi, Đập n&aacute;t hết ng&agrave;y th&aacute;ng qua em cứ đi đi V&igrave; anh đ&atilde; chọn về m&igrave;nh thế th&ocirc;i Chằng thể n&agrave;o đổi thay anh biết thời gian chẳng thể n&agrave;o Qu&ecirc;n đi được một người... Ver2 (Eszi): Hơi thở đang dần h&ograve;a nhịp theo từng nỗi đau, mất m&aacute;t Kh&ocirc;ng gian cũng đang bao tr&ugrave;m l&ecirc;n một cảm x&uacute;c, rất kh&aacute;c. Kể từ khi em đi b&igrave;nh minh đ&atilde; ko c&ograve;n vương nắng. Hạnh ph&uacute;c của e đ&atilde; biến m&agrave;n đ&ecirc;m trong anh bao phủ th&agrave;nh sương trắng. C&oacute; phải đ&acirc;y l&agrave; điều em muốn? (muốn hả?) B&igrave;nh y&ecirc;n nơi anh chưa đủ l&agrave;m cho e vui v&agrave; trở n&ecirc;n sung sướng (hở) Em cần j, c&ocirc; g&aacute;i ng&agrave;y xưa đ&acirc;u cần j đ&acirc;u Nhưng giờ đ&atilde; b&iacute;t t&igrave;m ai đ&oacute; kh&aacute;c đ&ecirc;m b&ecirc;n gối đấu V&agrave; anh ko thể liếc mắt nh&igrave;n e v&agrave; anh biết chắc Trong th&acirc;m t&acirc;m a lu&ocirc;n c&ograve;n một chỗ chờ em trở về Anh tin v&agrave;o ph&eacute;p nhiệm m&agrave;u khoảng c&aacute;ch sẽ ko c&ograve;n xa Anh tin một ng&agrave;y n&agrave;o đ&oacute; thời gian sẽ quay lại từ đầu Ver3 (Melody): Ph&uacute;c Bồ: V&agrave; nếu e muốn đi xa nơi anh, gạt đi t&igrave;nh y&ecirc;u nơi anh Bỏ qua ng&agrave;y th&aacute;ng c&ugrave;ng nhau vượt qua, nếu em hiểu? Rồi l&uacute;c e kh&oacute;c trong v&ograve;ng tay anh, để anh nhận ra l&agrave; e l&agrave;m ra để anh mang đi theo Suốt cuộc đời... JC Hưng: Ai cũng sẽ chỉ một hạnh ph&uacute;c tr&ecirc;n d&ograve;ng đường đời V&agrave; ai cũng sẽ nhận ra người m&igrave;nh ko thể qu&ecirc;n Th&igrave; em h&atilde;y cứ đi t&igrave;m một hạnh ph&uacute;c mới... T&igrave;m một người thay thế anh trong những đ&ecirc;m.... Hook (Ho&agrave;ng T&ocirc;n): Để anh một m&igrave;nh nh&eacute; em em cứ đi đi, Đập n&aacute;t hết ng&agrave;y th&aacute;ng qua em cứ đi đi V&igrave; anh đ&atilde; chọn về m&igrave;nh thế th&ocirc;i Chằng thể n&agrave;o đổi thay anh biết thời gian chẳng thể n&agrave;o Qu&ecirc;n đi được một người... Bridge (Rap): Eszi: C&oacute; viết l&ecirc;n th&ecirc;m bao mu&ocirc;n v&agrave;n kh&uacute;c ca th&igrave; cũng kh&ocirc;ng thể n&agrave;o trở n&ecirc;n v&ocirc; gi&aacute; Hơn l&agrave; đc c&ugrave;ng em tay trong tay đi xa, anh thức trắng một lần sẽ chẳng bao giờ đổi thay T&igrave;nh y&ecirc;u anh trao t&igrave;nh vẫn sẽ ko bao giờ lung lay T&igrave;m một người thay thế anh trong những đ&ecirc;m Để anh một...để anh một... Hook (Ho&agrave;ng T&ocirc;n): Để anh một m&igrave;nh nh&eacute; em em cứ đi đi Đập n&aacute;t hết ng&agrave;y th&aacute;ng qua em cứ đi đi V&igrave; anh đ&atilde; chọn về m&igrave;nh thế th&ocirc;i Chằng thể n&agrave;o đổi thay anh biết thời gian chẳng thể n&agrave;o Qu&ecirc;n đi được một người...</p>\r\n', '2021-08-10 09:59:47', 5, 'maxresdefault (7)-205649523830100.jpg', 2, '<iframe width=\"560\" height=\"315\" src=\"https://www.youtube.com/embed/KUtaJeL_FzE\" title=\"YouTube video player\" frameborder=\"0\" allow=\"accelerometer; autoplay; clipboard-write; encrypted-media; gyroscope; picture-in-picture\" allowfullscreen></iframe>'),
(44, 'Yêu Một Người Có Lẽ', 'Yêu Một Người Có Lẽ - Lou Hoàng - Miu Lê | Miu Lê Official\r\n------------------------------------------------------------------\r\nĐăng ký theo dõi kênh Miu Lê nhé. http://popsww.com/miule\r\nFanpage Miu Lê: http://bit.ly/FBMiule\r\n------------------------------------------------------------------', '<p>Giả vờ như tất cả mọi thứ chưa xảy ra với anh<br />\r\nLập lờ những thứ ngay trước mắt anh chẳng cần sợ sai<br />\r\nNụ cười khi ấy giờ đ&atilde; kh&aacute;c tr&ocirc;i về nơi rất xa<br />\r\n&Aacute;nh mắt cũng thật lạ nh&igrave;n thật kh&aacute;c với những ng&agrave;y qua<br />\r\n<br />\r\nTiếng n&oacute;i y&ecirc;u anh y&ecirc;u anh mu&ocirc;n nơi kh&ocirc;ng tồn tại nơi đ&acirc;y<br />\r\nK&yacute; ức b&ecirc;n em b&ecirc;n em chơi vơi tr&ocirc;i dần xa nơi đ&acirc;y<br />\r\nĐiều g&igrave; đến rồi sẽ đến rồi sẽ đến<br />\r\nTr&aacute;i tim em giờ đ&acirc;y đang quan t&acirc;m về một ai kh&aacute;c<br />\r\n<br />\r\nNước mắt c&ograve;n rơi m&atilde;i chẳng nh&ograve;a đi vết son<br />\r\nGi&aacute; như một cơn gi&oacute; cuốn tr&ocirc;i đi b&oacute;ng h&igrave;nh đ&oacute;<br />\r\nV&agrave; c&oacute; khi chẳng thể biết rằng l&agrave; nơi ph&iacute;a sau vẫn lu&ocirc;n c&oacute; anh<br />\r\nVẫn lu&ocirc;n c&oacute; anh &acirc;m thầm đứng gượng cười<br />\r\n<br />\r\nY&ecirc;u một người c&oacute; lẽ chỉ cần cho hết đi<br />\r\nNgắm nụ cười hạnh ph&uacute;c v&ocirc; tư kh&ocirc;ng sầu bi<br />\r\nTr&aacute;i tim chẳng thể giữ l&yacute; tr&iacute; kết th&uacute;c đi những giấc mơ<br />\r\nNgười cố chấp lu&ocirc;n l&agrave; anh lu&ocirc;n l&agrave; anh, vẫn lu&ocirc;n l&agrave; anh<br />\r\n<br />\r\nKhoảng c&aacute;ch giờ đ&acirc;y đang lớn dần th&ecirc;m từ nay chẳng c&oacute; ng&agrave;y mai<br />\r\nChẳng tr&aacute;ch giờ đ&acirc;y em đ&atilde; vội qu&ecirc;n say đắm nơi ấy c&ugrave;ng ai<br />\r\nCố nuối tiếc cũng chẳng được g&igrave;, cố n&iacute;u k&eacute;o cũng chẳng được g&igrave;<br />\r\nAnh l&agrave; anh, em vẫn l&agrave; em nhưng kh&ocirc;ng phải l&agrave; của nhau nữa rồi<br />\r\n<br />\r\nVậy đi từ nay chẳng c&oacute; hồi &acirc;m, chẳng c&ograve;n lời n&agrave;o cho nhau<br />\r\nTh&ocirc;i bận t&acirc;m anh kh&ocirc;ng cần đ&acirc;u, giọt lệ n&agrave;y tự m&igrave;nh anh lau<br />\r\nĐừng n&ecirc;n cố n&iacute;u giữ nhớ nhung mệt nho&agrave;i<br />\r\nĐ&atilde; qu&aacute; trễ để quay trở lại, tr&aacute;i tim em giờ đang nhớ ai</p>\r\n', '2021-08-10 10:02:37', 5, 'maxresdefault (6)-205634785426400.jpg', 2, '<iframe width=\"560\" height=\"315\" src=\"https://www.youtube.com/embed/AmduqflT79M\" title=\"YouTube video player\" frameborder=\"0\" allow=\"accelerometer; autoplay; clipboard-write; encrypted-media; gyroscope; picture-in-picture\" allowfullscreen></iframe>'),
(45, ' YÊU EM RẤT NHIỀU', 'YÊU EM RẤT NHIỀU [ VIDEO LYRICS FULL HD] | HOÀNG TÔN\r\n Yêu Em Rất Nhiều là sản phẩm trở lại của Hoàng Tôn, một sáng tác mà Hoàng Tôn đã gửi vào đó cả trái tim và tâm hồn của mình - sẽ đánh dấu một sự khởi đầu, một chặng đường mới, có thể sẽ nhiều gian nan, những sẽ đầy cảm xúc và niềm hy vọng!\r\n Yêu Em Rất Nhiều có giai điệu khá bắt tai, ca từ dễ thương về tình yêu ngọt ngào của một chàng trai dành cho người yêu mình.', '<p>1. Ngồi giữa b&oacute;ng đ&ecirc;m anh chưa thể ngủ được<br />\r\nV&igrave; nỗi nhớ em vu vơ bất thường<br />\r\nCảm gi&aacute;c đắm say cứ thế đong đầy trong nơi tr&aacute;i tim<br />\r\nL&agrave; thứ bấy l&acirc;u nay anh đ&atilde; kiếm t&igrave;m.<br />\r\n<br />\r\nNhững c&acirc;u chuyện thật d&agrave;i mỗi tối<br />\r\nNhững ph&uacute;t gi&acirc;y ngập ngừng bối rối<br />\r\nTiếng em cười v&agrave; lời em n&oacute;i<br />\r\nKhiến anh giờ đang như qu&ecirc;n mất lối.<br />\r\n<br />\r\nNhững khi chạm nh&igrave;n v&agrave;o đ&ocirc;i mắt<br />\r\nAnh chỉ muốn &ocirc;m em thật chặt<br />\r\nĐể anh n&oacute;i em nghe<br />\r\nN&oacute;i em nghe l&ograve;ng anh.<br />\r\n<br />\r\n[ĐK:]<br />\r\nNgười ơi em c&oacute; biết anh đ&atilde; y&ecirc;u em rất nhiều<br />\r\nChẳng cần những l&yacute; lẽ để n&oacute;i n&ecirc;n c&acirc;u t&igrave;nh y&ecirc;u<br />\r\nL&agrave;m như kh&ocirc;ng quan t&acirc;m nhưng anh thực sự nhớ em<br />\r\nMuốn được chở che cho em những đ&ecirc;m lạnh về<br />\r\nAnh muốn n&oacute;i y&ecirc;u em rất nhiều.<br />\r\n<br />\r\n2. Những c&acirc;u chuyện thật d&agrave;i mỗi tối<br />\r\nNhững ph&uacute;t gi&acirc;y ngập ngừng bối rối<br />\r\nTiếng em cười v&agrave; lời em n&oacute;i<br />\r\nKhiến anh giờ đang như qu&ecirc;n mất lối.<br />\r\n<br />\r\nTừ khi đ&atilde; tr&oacute;t lỡ y&ecirc;u rồi<br />\r\nAnh chỉ mong gần em m&atilde;i th&ocirc;i<br />\r\nĐể anh h&ocirc;n nhẹ l&ecirc;n<br />\r\nH&ocirc;n nhẹ l&ecirc;n bờ m&ocirc;i.<br />\r\n<br />\r\n[Coda:]<br />\r\nV&agrave; anh muốn h&aacute;t cho em b&agrave;i h&aacute;t trong t&acirc;m hồn anh<br />\r\nThật mạnh mẽ nhưng sao nhiều l&uacute;c c&ocirc; đơn mỏng manh<br />\r\nChuyện t&igrave;nh y&ecirc;u chẳng thể n&oacute;i trước điều g&igrave;<br />\r\nNhưng th&ocirc;i ta mặc kệ cứ y&ecirc;u đi<br />\r\nNguyện b&ecirc;n em tr&ecirc;n con đường d&agrave;i, thuỷ chung m&atilde;i m&atilde;i.</p>\r\n', '2021-08-10 11:04:44', 5, '1538549680324_640-121136920053600.jpg', 5, '<iframe width=\"560\" height=\"315\" src=\"https://www.youtube.com/embed/vDfkqjhtiCM\" title=\"YouTube video player\" frameborder=\"0\" allow=\"accelerometer; autoplay; clipboard-write; encrypted-media; gyroscope; picture-in-picture\" allowfullscreen></iframe>'),
(46, 'See you again', 'Nhạc sĩ: Justin Franks / Cameron Thomaz / Dann Hume / Andrew Cedar / Charlie Puth / Joshua Hardy / Phoebe Cockburn\r\nLời bài hát See You Again © Wb Music Corp., Warner-tamerlane Publishing Corp., Artist Publishing Group West, J Franks Publishing, Artist 101 Publishing Group, Wiz Khalifa Publishing, Andrew Cedar Publishing, Charlie Puth Music Publishing, Egg The Nest Songs Pty Ltd', '<p>It&#39;s been a long day without you, my friend<br />\r\nAnd I&#39;ll tell you all about it when I see you again<br />\r\nWe&#39;ve come a long way from where we began<br />\r\nOh, I&#39;ll tell you all about it when I see you again<br />\r\nWhen I see you again</p>\r\n\r\n<p>Damn, who knew?<br />\r\nAll the planes we flew, good things we been through<br />\r\nThat I&#39;d be standing right here talking to you<br />\r\n&#39;Bout another path, I know we loved to hit the road and laugh<br />\r\nBut something told me that it wouldn&#39;t last<br />\r\nHad to switch up, look at things different, see the bigger picture<br />\r\nThose were the days, hard work forever pays<br />\r\nNow I see you in a better place (see you in a better place)<br />\r\nUh</p>\r\n\r\n<p>How can we not talk about family when family&#39;s all that we got?<br />\r\nEverything I went through, you were standing there by my side<br />\r\nAnd now you gon&#39; be with me for the last ride</p>\r\n\r\n<p>It&#39;s been a long day without you, my friend<br />\r\nAnd I&#39;ll tell you all about it when I see you again (I&#39;ll see you again)<br />\r\nWe&#39;ve come a long way (yeah, we came a long way)<br />\r\nFrom where we began (you know we started)<br />\r\nOh, I&#39;ll tell you all about it when I see you again (I&#39;ll tell you)<br />\r\nWhen I see you again</p>\r\n\r\n<p>First, you both go out your way and the vibe is feeling strong<br />\r\nAnd what&#39;s small turned to a friendship, a friendship turned to a bond<br />\r\nAnd that bond will never be broken, the love will never get lost<br />\r\n(The love will never get lost)<br />\r\nAnd when brotherhood come first, then the line will never be crossed<br />\r\nEstablished it on our own when that line had to be drawn<br />\r\nAnd that line is what we reached, so remember me when I&#39;m gone<br />\r\n(Remember me when I&#39;m gone)</p>\r\n\r\n<p>How can we not talk about family when family&#39;s all that we got?<br />\r\nEverything I went through you were standing there by my side<br />\r\nAnd now you gon&#39; be with me for the last ride</p>\r\n\r\n<p>So let the light guide your way, yeah<br />\r\nHold every memory as you go<br />\r\nAnd every road you take<br />\r\nWill always lead you home, home</p>\r\n\r\n<p>It&#39;s been a long day without you, my friend<br />\r\nAnd I&#39;ll tell you all about it when I see you again<br />\r\nWe&#39;ve come a long way from where we began<br />\r\nOh, I&#39;ll tell you all about it when I see you again<br />\r\nWhen I see you again</p>\r\n\r\n<p>When I see you again (yeah, uh)<br />\r\nSee you again (yeah, yeah, yeah)</p>\r\n\r\n<p>When I see you again</p>\r\n', '2021-08-12 02:43:25', 10, 'maxresdefault (5)-205622251361200.jpg', 1, '<iframe width=\"560\" height=\"315\" src=\"https://www.youtube.com/embed/RgKAFK5djSk\" title=\"YouTube video player\" frameborder=\"0\" allow=\"accelerometer; autoplay; clipboard-write; encrypted-media; gyroscope; picture-in-picture\" allowfullscreen></iframe>'),
(47, ' Wavin\' Flag', 'Song\r\nWavin\' Flag\r\nLicensed to YouTube by\r\nBMI - Broadcast Music Inc., UNIAO BRASILEIRA DE EDITORAS DE MUSICA - UBEM, ASCAP, Warner Chappell, LatinAutor - SonyATV, LatinAutor - Warner Chappell, LatinAutorPerf, LatinAutor, Global Music Rights LLC, UMPG Publishing, CMRRA, LatinAutor - PeerMusic, Sony ATV Publishing, LatinAutor - UMPG, SOLAR Music Rights Management, BMG Rights Management (US), LLC, ARESA, AMRA, Kobalt Music Publishing, and 18 Music Rights Societies', '<p>When I get older I will be stronger<br />\r\nThey&#39;ll call me freedom just like a wavin&#39; flag</p>\r\n\r\n<p>When I get older I will be stronger<br />\r\nThey&#39;ll call me freedom just like a wavin&#39; flag<br />\r\nAnd then it goes back, and then it goes back<br />\r\nAnd then it goes back, oh</p>\r\n\r\n<p>Born to a throne, stronger than Rome<br />\r\nBut violent prone, poor people zone<br />\r\nBut it&#39;s my home, all I have known<br />\r\nWhere I got grown, streets we would roam</p>\r\n\r\n<p>Out of the darkness, I came the farthest<br />\r\nAmong the hardest survival<br />\r\nLearn from these streets, it can be bleak<br />\r\nAccept no defeat, surrender, retreat</p>\r\n\r\n<p>So we struggling, fighting to eat<br />\r\nAnd we wondering when we&#39;ll be free<br />\r\nSo we patiently wait for that fateful day<br />\r\nIt&#39;s not far away, but for now we say</p>\r\n\r\n<p>When I get older I will be stronger<br />\r\nThey&#39;ll call me freedom just like a wavin&#39; flag<br />\r\nAnd then it goes back, and then it goes back<br />\r\nAnd then it goes back, oh</p>\r\n\r\n<p>So many wars, settling scores<br />\r\nBringing us promises, leaving us poor<br />\r\nI heard them say, &quot;love is the way&quot;<br />\r\n&quot;Love is the answer, &quot; that&#39;s what they say</p>\r\n\r\n<p>But look how they treat us, make us believers<br />\r\nWe fight their battles, then they deceive us<br />\r\nTry to control us, they couldn&#39;t hold us<br />\r\n&#39;Cause we just move forward like Buffalo Soldiers</p>\r\n\r\n<p>But we struggling, fighting to eat<br />\r\nAnd we wondering, when we&#39;ll be free<br />\r\nSo we patiently wait for that faithful day<br />\r\nIt&#39;s not far away but for now we say</p>\r\n\r\n<p>When I get older I will be stronger<br />\r\nThey&#39;ll call me freedom just like a wavin&#39; flag<br />\r\nAnd then it goes back, and then it goes back<br />\r\nAnd then it goes back, and then it goes</p>\r\n\r\n<p>When I get older I will be stronger<br />\r\nThey&#39;ll call me freedom just like a wavin&#39; flag<br />\r\nAnd then it goes back, and then it goes back<br />\r\nAnd then it goes back, and then it goes</p>\r\n\r\n<p>And then it goes</p>\r\n\r\n<p>And everybody will be singing it<br />\r\nAnd you and I will be singing it<br />\r\nAnd we all will be singing it</p>\r\n\r\n<p>Oh, oh, oh</p>\r\n\r\n<p>When I get older I will be stronger<br />\r\nThey&#39;ll call me freedom just like a wavin&#39; flag<br />\r\nAnd then it goes back, and then it goes back<br />\r\nAnd then it goes back, and then it goes</p>\r\n\r\n<p>When I get older I will be stronger<br />\r\nThey&#39;ll call me freedom just like a wavin&#39; flag<br />\r\nAnd then it goes back, and then it goes back<br />\r\nAnd then it goes back, oh</p>\r\n\r\n<p>When I get older<br />\r\nWhen I get older<br />\r\nI will be stronger<br />\r\nJust like a wavin&#39; flag<br />\r\nJust like a wavin&#39; flag<br />\r\nJust like a wavin&#39; flag<br />\r\nFlag, flag<br />\r\nJust like a wavin&#39; flag</p>\r\n', '2021-08-12 02:45:45', 10, 'maxresdefault (4)-205608892974900.jpg', 1, '<iframe width=\"560\" height=\"315\" src=\"https://www.youtube.com/embed/WTJSt4wP2ME\" title=\"YouTube video player\" frameborder=\"0\" allow=\"accelerometer; autoplay; clipboard-write; encrypted-media; gyroscope; picture-in-picture\" allowfullscreen></iframe>'),
(48, 'Happy', 'Song\r\nHappy from Despicable Me 2 - Pharrell Williams (2013) - Universal Pictures Film Music\r\nArtist\r\nPharrell Williams\r\nAlbum\r\nDespicable Me 2\r\nWriters\r\nPharrell Williams\r\nLicensed to YouTube by\r\nAdRev for a 3rd Party (on behalf of Universal Pictures Film Music); SOLAR Music Rights Management, LatinAutor - SonyATV, UMPI, Sony ATV Publishing, CMRRA, Global Music Rights LLC, PEDL, AdRev Publishing, ASCAP, UMPG Publishing, Warner Chappell, LatinAutor - UMPG, LatinAutorPerf, UNIAO BRASILEIRA DE EDITORAS DE MUSICA - UBEM, and 11 Music Rights Societies', '<p>&nbsp;</p>\r\n\r\n<p>Chorus:</p>\r\n\r\n<p>(Because I&#39;m happy) Clap along if you feel like a room without a roof</p>\r\n\r\n<p>(Because I&#39;m happy) Clap along if you feel like happiness is the truth</p>\r\n\r\n<p>(Because I&#39;m happy) Clap along if you know what happiness is to you</p>\r\n\r\n<p>(Because I&#39;m happy) Clap along if you feel like that&#39;s what you wanna do</p>\r\n', '2021-08-12 02:48:21', 10, 'maxresdefault (3)-205591615035600.jpg', 2, '<iframe width=\"560\" height=\"315\" src=\"https://www.youtube.com/embed/ZbZSe6N_BXs\" title=\"YouTube video player\" frameborder=\"0\" allow=\"accelerometer; autoplay; clipboard-write; encrypted-media; gyroscope; picture-in-picture\" allowfullscreen></iframe>'),
(49, 'Waka Waka (This Time for Africa) (The Official 2010 FIFA World Cup™ Song)', 'Shakira\'s official music video for \'Waka Waka (This Time For Africa)\'. Click to listen to Shakira on Spotify: http://smarturl.it/ShakiraSpot?IQid=S...\r\n\r\nAs featured on Waka Waka (This Time For Africa) - Single. Click to buy the track or album via iTunes: http://smarturl.it/WakaWaka?IQid=Shak...\r\nGoogle Play: http://smarturl.it/WWGPlay?IQid=Shaki...\r\nAmazon: http://smarturl.it/WWAmazon?IQid=Shak...', '<p>Lyrics: You&#39;re a good soldier</p>\r\n\r\n<p>Choosing your battles</p>\r\n\r\n<p>Pick yourself up</p>\r\n\r\n<p>And dust yourself off</p>\r\n\r\n<p>Get back in the saddle</p>\r\n\r\n<p>You&#39;re on the front line</p>\r\n\r\n<p>Everyone&#39;s watching</p>\r\n\r\n<p>You know it&#39;s serious</p>\r\n\r\n<p>We&#39;re getting closer</p>\r\n\r\n<p>This isn&#39;t over</p>\r\n\r\n<p>The pressure&#39;s on</p>\r\n\r\n<p>You feel it</p>\r\n\r\n<p>But you got it all</p>\r\n\r\n<p>Believe it</p>\r\n\r\n<p>When you fall get up, oh oh If you fall get up, eh eh</p>\r\n\r\n<p>Tsamina mina zangalewa</p>\r\n\r\n<p>&#39;Cause this is Africa T</p>\r\n\r\n<p>samina mina, eh eh Waka waka, eh eh Tsamina mina zangalewa</p>\r\n\r\n<p>This time for Africa&quot;</p>\r\n', '2021-08-12 02:53:12', 10, 'maxresdefault (2)-205576920152300.jpg', 1, '<iframe width=\"560\" height=\"315\" src=\"https://www.youtube.com/embed/pRpeEdMmmQ0\" title=\"YouTube video player\" frameborder=\"0\" allow=\"accelerometer; autoplay; clipboard-write; encrypted-media; gyroscope; picture-in-picture\" allowfullscreen></iframe>'),
(50, 'We Don\'t Talk Anymore', 'Song - We Don\'t Talk Anymore (feat. Selena Gomez)\r\nArtist - Charlie Puth\r\nAlbum - We Don\'t Talk Anymore (feat. Selena Gomez)\r\nWriters - Selena Gomez, Charlie Puth, Jacob Kasher\r\nLicensed to YouTube by\r\nWMG (on behalf of Atlantic Records); LatinAutor - UMPG, UMPG Publishing, LatinAutor, ASCAP, SOLAR Music Rights Management, UMPI, AMRA, UNIAO BRASILEIRA DE EDITORAS DE MUSICA - UBEM, Kobalt Music Publishing, LatinAutorPerf, CMRRA, PEDL, and 12 Music Rights Societies', '<p>We don&#39;t talk anymore<br />\r\nWe don&#39;t talk anymore<br />\r\nWe don&#39;t talk anymore<br />\r\nLike we used to do<br />\r\nWe don&#39;t love anymore<br />\r\nWhat was all of it for?<br />\r\nOh, we don&#39;t talk anymore<br />\r\nLike we used to do</p>\r\n\r\n<p>I just heard you found the one you&#39;ve been looking<br />\r\nYou&#39;ve been looking for<br />\r\nI wish I would have known that wasn&#39;t me<br />\r\n&#39;Cause even after all this time, I still wonder<br />\r\nWhy I can&#39;t move on<br />\r\nJust the way you did so easily</p>\r\n\r\n<p>Don&#39;t wanna know<br />\r\nKind of dress you&#39;re wearing tonight<br />\r\nIf he&#39;s holding onto you so tight<br />\r\nThe way I did before<br />\r\nI overdosed<br />\r\nShould&#39;ve known your love was a game<br />\r\nNow I can&#39;t get you out of my brain<br />\r\nOh, it&#39;s such a shame</p>\r\n\r\n<p>That we don&#39;t talk anymore<br />\r\nWe don&#39;t talk anymore<br />\r\nWe don&#39;t talk anymore<br />\r\nLike we used to do<br />\r\nWe don&#39;t love anymore<br />\r\nWhat was all of it for?<br />\r\nOh, we don&#39;t talk anymore<br />\r\nLike we used to do</p>\r\n\r\n<p>I just hope you&#39;re lying next to somebody<br />\r\nWho knows how to love you like me<br />\r\nThere must be a good reason that you&#39;re gone<br />\r\nEvery now and then I think you might want me to<br />\r\nCome show up at your door<br />\r\nBut I&#39;m just too afraid that I&#39;ll be wrong</p>\r\n\r\n<p>Don&#39;t wanna know<br />\r\nIf you&#39;re looking into her eyes<br />\r\nIf she&#39;s holding onto you so tight<br />\r\nThe way I did before<br />\r\nI overdosed<br />\r\nShould&#39;ve known your love was a game<br />\r\nNow I can&#39;t get you out of my brain<br />\r\nOh, it&#39;s such a shame</p>\r\n\r\n<p>That we don&#39;t talk anymore<br />\r\nWe don&#39;t talk anymore<br />\r\nWe don&#39;t talk anymore<br />\r\nLike we used to do<br />\r\nWe don&#39;t love anymore<br />\r\nWhat was all of it for?<br />\r\nOh, we don&#39;t talk anymore<br />\r\nLike we used to do</p>\r\n\r\n<p>Like we used to do</p>\r\n\r\n<p>Don&#39;t wanna know<br />\r\nKind of dress you&#39;re wearing tonight<br />\r\nIf he&#39;s giving it to you just right<br />\r\nThe way I did before<br />\r\nI overdosed<br />\r\nShould&#39;ve known your love was a game<br />\r\nNow I can&#39;t get you out of my brain<br />\r\nOh, it&#39;s such a shame</p>\r\n\r\n<p>That we don&#39;t talk anymore<br />\r\nWe don&#39;t talk anymore<br />\r\nWe don&#39;t talk anymore<br />\r\nLike we used to do<br />\r\nWe don&#39;t love anymore<br />\r\nWhat was all of it for?<br />\r\nOh, we don&#39;t talk anymore<br />\r\nLike we used to do</p>\r\n\r\n<p>We don&#39;t talk anymore (don&#39;t wanna know)<br />\r\nKind of dress you&#39;re wearing tonight (oh)<br />\r\nIf he&#39;s holding onto you so tight (oh)<br />\r\nThe way I did before<br />\r\nWe don&#39;t talk anymore (I overdosed)<br />\r\nShould&#39;ve known your love was a game (oh)<br />\r\nNow I can&#39;t get you out of my brain (whoa)<br />\r\nOh, it&#39;s such a shame</p>\r\n\r\n<p>That we don&#39;t talk anymore</p>\r\n', '2021-08-12 02:57:26', 10, 'maxresdefault (1)-205563277885300.jpg', 2, '<iframe width=\"560\" height=\"315\" src=\"https://www.youtube.com/embed/3AtDnEC4zak\" title=\"YouTube video player\" frameborder=\"0\" allow=\"accelerometer; autoplay; clipboard-write; encrypted-media; gyroscope; picture-in-picture\" allowfullscreen></iframe>'),
(51, 'Attention', 'Written By: Charlie Puth and Jacob Kasher\r\nProduced By: Charlie Puth\r\nVocal Production: Charlie Puth\r\nInstruments: Korg Triton Studio, Juno 60, Omnisphere, Trillian for the Bass, Rhodes 77, Yamaha DX7, Pro Tools I2, Fender Stratocaster, Martin HD-28 Acoustic\r\nMixed By: Manny Marroquin & Charlie Puth at Larrabee Sound Studios\r\nRecorded At: Home Studio of Charlie Puth & Tour Bus of Charlie Puth\r\nMastered By: Dave Kutch at the Mastering Palace', '<p>Oh-oh, ooh<br />\r\nYou&#39;ve been runnin&#39; round, runnin&#39; round, runnin&#39; round throwin&#39; that dirt all on my name<br />\r\n&#39;Cause you knew that I, knew that I, knew that I&#39;d call you up<br />\r\nYou&#39;ve been going round, going round, going round every party in L.A.<br />\r\n&#39;Cause you knew that I, knew that I, knew that I&#39;d be at one, oh</p>\r\n\r\n<p>I know that dress is karma, perfume regret<br />\r\nYou got me thinking &#39;bout when you were mine, oh<br />\r\nAnd now I&#39;m all up on ya, what you expect?<br />\r\nBut you&#39;re not coming home with me tonight</p>\r\n\r\n<p>You just want attention, you don&#39;t want my heart<br />\r\nMaybe you just hate the thought of me with someone new<br />\r\nYeah, you just want attention, I knew from the start<br />\r\nYou&#39;re just making sure I&#39;m never gettin&#39; over you</p>\r\n\r\n<p>you&#39;ve been runnin&#39; round, runnin&#39; round, runnin&#39; round throwing that dirt all on my name<br />\r\n&#39;Cause you knew that I, knew that I, knew that I&#39;d call you up<br />\r\nBaby, now that we&#39;re, now that we&#39;re, now that we&#39;re right here standing face-to-face<br />\r\nYou already know, already know, already know that you won, oh</p>\r\n\r\n<p>I know that dress is karma (dress is karma), perfume regret<br />\r\nYou got me thinking &#39;bout when you were mine (you got me thinking &#39;bout when you were mine)<br />\r\nAnd now I&#39;m all up on ya (all up on ya), what you expect? (oh baby)<br />\r\nBut you&#39;re not coming home with me tonight (oh no)</p>\r\n\r\n<p>You just want attention, you don&#39;t want my heart<br />\r\nMaybe you just hate the thought of me with someone new<br />\r\nYeah, you just want attention, I knew from the start<br />\r\nYou&#39;re just making sure I&#39;m never gettin&#39; over you, oh</p>\r\n\r\n<p>What are you doin&#39; to me, what are you doin&#39;, huh?<br />\r\n(What are you doin&#39;?)<br />\r\nWhat are you doin&#39; to me, what are you doin&#39;, huh?<br />\r\n(What are you doin&#39;?)<br />\r\nWhat are you doin&#39; to me, what are you doin&#39;, huh?<br />\r\n(What are you doin&#39;?)<br />\r\nWhat are you doin&#39; to me, what are you doin&#39;, huh?</p>\r\n\r\n<p>I know that dress is karma, perfume regret<br />\r\nYou got me thinking &#39;bout when you were mine<br />\r\nAnd now I&#39;m all up on ya, what you expect?<br />\r\nBut you&#39;re not coming home with me tonight</p>\r\n\r\n<p>You just want attention, you don&#39;t want my heart<br />\r\nMaybe you just hate the thought of me with someone new<br />\r\nYeah, you just want attention, I knew from the start<br />\r\nYou&#39;re just making sure I&#39;m never gettin&#39; over you (over you)</p>\r\n\r\n<p>What are you doin&#39; to me? (hey) what are you doin&#39;, huh? (what are you doin&#39;, what?)<br />\r\n(What are you doin&#39;, to me? What are you doin&#39;, huh?)<br />\r\n(What are you doin&#39;, to me? What are you doin&#39;, huh?)<br />\r\n(What are you doin&#39; to me, what are you doin&#39;, huh?)</p>\r\n', '2021-08-12 03:00:23', 10, 'loi-bai-hat-giu-em-di-205545548077100.jpg', 1, '<iframe width=\"560\" height=\"315\" src=\"https://www.youtube.com/embed/nfs8NYg7yQM\" title=\"YouTube video player\" frameborder=\"0\" allow=\"accelerometer; autoplay; clipboard-write; encrypted-media; gyroscope; picture-in-picture\" allowfullscreen></iframe>'),
(52, 'Shape of You', 'VIDEO CREDITS: \r\nDirector|DOP: Jason Koenig\r\nProducer: Honna Kimmerer\r\nProduction company: Anonymous Content\r\nExec Producer: Nina Soriano\r\n\r\nCinematography: Johnny Valencia, Ryan Haug \r\nEdited by: Johnny Valencia, Jason Koenig\r\nCommissioner: Dan Curwin\r\n\r\nCo-Starring: \r\nJennie Pegouskie\r\nYama', '<p>The club isn&rsquo;t the best place to find a lover So the bar is where I go Me and my friends at the table doing shots drinking fast and then we talk slow you come over and start up a conversation with just me and trust me I&rsquo;ll give it a chance now Take my hand stop, put van the man on the jukebox and then we start to dance And now I&rsquo;m singing like Girl you know I want your love Your love was handmade for somebody like me Come on now follow my lead I may be crazy don&rsquo;t mind me Say boy let&rsquo;s not talk too much Grab on my waist and put that body on me Come on now follow my lead Come come on now follow my lead I&rsquo;m in love with the shape of you We push and pull like a magnet do Although my heart is falling too I&rsquo;m in love with your body Last night you were in my room And now my bed sheets smell like you Every day discovering something brand new I&rsquo;m in love with your body Oh I X 4 I&rsquo;m in love with your body Oh I X 4 I&rsquo;m in love with your body Oh I X 4 I&rsquo;m in love with your body Every day discovering something brand new I&rsquo;m in love with the shape of you One week in we let the story begin We&rsquo;re going out on our first date You and me are thrifty So go all you can eat Fill up your bag and I fill up a plate We talk for hours and hours about the sweet and the sour And how your family&rsquo;s doing ok leave and get in a taxi, then kiss in the backseat Tell the driver make the radio play and I&#39;m singing like Girl you know I want your love Your love was handmade for somebody like me Come on now follow my lead I may be crazy, don&rsquo;t mind me Say boy let&rsquo;s not talk too much Grab on my waist and put that body on me Come on now follow my lead Come come on now follow my lead I&rsquo;m in love with the shape of you We push and pull like a magnet do Although my heart is falling too I&rsquo;m in love with your body Last night you were in my room And now my bed sheets smell like you Every day discovering something brand new Well I&rsquo;m in love with your body Oh I x 4 I&rsquo;m in love with your body Oh I x 4 I&rsquo;m in love with your body Oh I X 4 I&rsquo;m in love with your body Every day discovering something brand new I&rsquo;m in love with the shape of you Come on be my baby come on X 8 I&rsquo;m in love with the shape of you We push and pull like a magnet do Although my heart is falling too I&rsquo;m in love with your body Last night you were in my room And now my bed sheets smell like you Every day discovering something brand new Well I&rsquo;m in love with your body Come on be my baby come on X 6 Every day discovering something brand new I&rsquo;m in love with the shape of you</p>\r\n', '2021-08-12 03:04:04', 10, 'hqdefault-205527704663300.jpg', 2, '<iframe width=\"560\" height=\"315\" src=\"https://www.youtube.com/embed/JGwWNGJdvx8\" title=\"YouTube video player\" frameborder=\"0\" allow=\"accelerometer; autoplay; clipboard-write; encrypted-media; gyroscope; picture-in-picture\" allowfullscreen></iframe>');
INSERT INTO `songs` (`id`, `name`, `preview_text`, `detail_text`, `date_create`, `id_cat`, `picture`, `counter`, `youtube`) VALUES
(53, 'Sweet Dream', 'Song\r\nSweet Dream\r\nArtist\r\nJang Na Ra\r\nAlbum\r\nSweet Dream\r\nLicensed to YouTube by\r\nCONSALAD (on behalf of G1 Creative); BMG Rights Management (US), LLC, UMPI, and 11 Music Rights Societies\r\n', '<p>Every night I rush to my bed<br />\r\nWith hopes that maybe I&#39;ll get a chance to see you when I close my eyes<br />\r\nI&#39;m going outta my head<br />\r\nLost in a fairytale<br />\r\nCan you hold my hands and be my guide?<br />\r\nClouds filled with stars cover your skies<br />\r\nAnd I hope it rains<br />\r\nYou&#39;re the perfect lullaby<br />\r\nWhat kind of dream is this?<br />\r\n<br />\r\nYou can be a sweet dream or a beautiful nightmare<br />\r\nEither way I, don&#39;t wanna wake up from you<br />\r\n(Turn the lights on!)<br />\r\nSweet dream or a beautiful nightmare<br />\r\nSomebody pinch me, your loves to good to be true<br />\r\n(Turn the lights on!)<br />\r\nMy guilty pleasure I ain&#39;t goin nowhere<br />\r\nBaby, long as you&#39;re here<br />\r\nI&#39;ll be floating on air cause you&#39;re my, you&#39;re my....<br />\r\nYou can be a sweet dream or a beautiful nightmare<br />\r\nEither way I, don&#39;t wanna wake up from you<br />\r\n<br />\r\n(Turn the lights on!)<br />\r\n<br />\r\nI mention you when I say my prayers<br />\r\nI wrap you around all of my thoughts<br />\r\nBoy, you&#39;re my temporary high<br />\r\nI wish that when I wake up you&#39;re there<br />\r\nTo wrap your arms around me for real and tell me you&#39;ll stay by my side<br />\r\nClouds filled with stars cover the skies<br />\r\nAnd I hope it rains<br />\r\nYou&#39;re the perfect lullaby<br />\r\nWhat kind of dream is this?<br />\r\n<br />\r\nYou can be a sweet dream or a beautiful nightmare<br />\r\nEither way I, don&#39;t wanna wake up from you<br />\r\n(Turn the lights on!)<br />\r\nSweet dream or a beautiful nightmare<br />\r\nSomebody pinch me, your loves to good to be true<br />\r\n(Turn the lights on!)<br />\r\nMy guilty pleasure I ain&#39;t goin nowhere<br />\r\nBaby, long as you&#39;re here<br />\r\nI&#39;ll be floating on air cause you&#39;re my, you&#39;re my....<br />\r\nYou can be a sweet dream or a beautiful nightmare<br />\r\nEither way I, don&#39;t wanna wake up from you<br />\r\n<br />\r\n(Turn the lights on!)<br />\r\nTattoo your name across my heart<br />\r\nSo it will remain....<br />\r\nNot even death can make us part<br />\r\nWhat kind of dream is this?<br />\r\n<br />\r\nYou can be a sweet dream or a beautiful nightmare<br />\r\nEither way I, don&#39;t wanna wake up from you<br />\r\n(Turn the lights on!)<br />\r\nSweet dream or a beautiful nightmare<br />\r\nSomebody pinch me, your loves to good to be true<br />\r\n(Turn the lights on!)<br />\r\nMy guilty pleasure I ain&#39;t goin nowhere<br />\r\nBaby, long as you&#39;re here<br />\r\nI&#39;ll be floating on air cause you&#39;re my, you&#39;re my....<br />\r\nYou can be a sweet dream or a beautiful nightmare<br />\r\nEither way I, don&#39;t wanna wake up from you<br />\r\nTurn the lights out</p>\r\n', '2021-08-12 10:19:47', 11, 'hiphopjpg-205515047707500.jpg', 1, '<iframe width=\"560\" height=\"315\" src=\"https://www.youtube.com/embed/ITJlByULnhY\" title=\"YouTube video player\" frameborder=\"0\" allow=\"accelerometer; autoplay; clipboard-write; encrypted-media; gyroscope; picture-in-picture\" allowfullscreen></iframe>'),
(54, 'FACE(페이스)', 'The 5-member boy group NU\'EST is making their debut with their album [FACE] in March 2012, having already received astonishing reactions and secured fans from varying age groups through their diverse television appearances and events prior to their debut. \r\n\r\nNU\'EST stands for \'NU(New), Establish, Style, Tempo\', signifying how they are creating a new style to the music. Composed of members JR, Aron, Baekho, Minhyun, and Ren, NU\'EST is at the center of attention for their outstanding musical skills as well as perfect visuals, seeking to take over the K-pop scene with their unique color, style, and music. \r\n\r\nComposed by the Swedish composer Daniel Barkman, the title song \"Face\" applies the currently popular dubstep, differentiating it from other K-pop music with an addictive chorus line that stands out. The song delivers the style and power of NU\'EST with powerful rhythms and refined and lively synthesizer and bass sounds.', '<p>You must have heard the cautionary tales<br />\r\nThe dangers hidden on the cul-de-sac trails<br />\r\nAnd the ghosts of failures sprayed up on the wall<br />\r\n<br />\r\nWe&#39;ve got to judge the judge, we&#39;ve got to find the finds<br />\r\nWe&#39;ve got to scheme the schemes, we&#39;ve got to line the lines<br />\r\nWe must stake the stakes, we&#39;ve got to show the shown<br />\r\nWe&#39;ve got to take the takes, we&#39;ve got to know the known<br />\r\n<br />\r\nTry to place the place where we can face the face<br />\r\n(We&#39;ve got to face the face)<br />\r\nTry to place the place where we can face the face<br />\r\n<br />\r\n<br />\r\n<br />\r\nYou must have tried and defied belief<br />\r\nMaybe found futility in insular grief<br />\r\nI need your hunger, you need mine<br />\r\nA million miles can swallow up time<br />\r\n<br />\r\nWe&#39;ve got to fool the fools, we&#39;ve got to plan the plans<br />\r\nWe&#39;ve got to rule the rules, we&#39;ve got to stand the stands<br />\r\nWe&#39;ve got to fight the fight, we must fall the falls<br />\r\nWe&#39;ve got to light the light, we&#39;ve gotta call the calls<br />\r\n<br />\r\nWe must race the race so we can face the face<br />\r\n(We&#39;ve got to race the race)<br />\r\nWe must race the race so we can face the face<br />\r\n<br />\r\n<br />\r\n<br />\r\n<br />\r\nKeep lookin&#39;....<br />\r\nNew York! Chicago! London and Glasgow!<br />\r\nKeep looking!<br />\r\n<br />\r\n[Ab]Keep on cooking, keep on looking, gotta stay on this&nbsp;[Bb]case<br />\r\n[Ab]Study the pix, watch the fix, we&#39;ve&nbsp;[F]got to&nbsp;[G]find the&nbsp;[C]face<br />\r\n<br />\r\n<br />\r\n(Watch the flicks)<br />\r\n<br />\r\n<br />\r\n<br />\r\nTry to place the place where we can face the face (2x)<br />\r\nWe must race the race so we can face the face (4x)<br />\r\n<br />\r\nSee more at:&nbsp;<a href=\"https://www.chords.vip/vi/song/face-the-face/UnZV59z8I.html\">https://www.chords.vip/vi/song/face-the-face/UnZV59z8I.html</a></p>\r\n', '2021-08-12 10:23:14', 11, 'g_20190422103000-205501379465800.jpg', 0, '<iframe width=\"560\" height=\"315\" src=\"https://www.youtube.com/embed/gyXy0m-4bvE\" title=\"YouTube video player\" frameborder=\"0\" allow=\"accelerometer; autoplay; clipboard-write; encrypted-media; gyroscope; picture-in-picture\" allowfullscreen></iframe>'),
(55, 'Trap', 'Song\r\nTrap\r\nArtist\r\nHenry (Super Junior-M)\r\nAlbum\r\nThe 1st Mini Album \'Trap\'\r\nLicensed to YouTube by\r\nSM Entertainment (on behalf of S.M.Entertainment); LatinAutor, UMPI, CMRRA, Kobalt Music Publishing, Sony ATV Publishing, AMRA, LatinAutor - UMPG, BMI - Broadcast Music Inc., SOLAR Music Rights Management, LatinAutorPerf, UNIAO BRASILEIRA DE EDITORAS DE MUSICA - UBEM, and 15 Music Rights Societies', '<p>움직일 수 없어 왜<br />\r\n나는 무거워져 가기만 해<br />\r\n네 맘 구석에 놓여진 채<br />\r\n놓인 채 Yeah</p>\r\n\r\n<p>네게 닿고 싶은데<br />\r\n그저 컴컴한 이 어둠 속에<br />\r\n자꾸 가라앉아 같은 곳에<br />\r\n그 곳에 Yeah</p>\r\n\r\n<p>네 안에서 점점 난 잊혀져 가<br />\r\n늘 머물러 있는 이 사랑 안에 Oh 난<br />\r\nI&#39;m Trapped I&#39;m Trapped</p>\r\n\r\n<p>나는 지쳐가<br />\r\n나 혼자서만 꿈을 꾸고 있나봐<br />\r\n세게 흔들어 나를 깨워주겠니<br />\r\n깨워주겠니 I&#39;m Trapped I&#39;m Trapped<br />\r\n난 나를 잃어가<br />\r\n너 없인 나의 이름 조차 기억이 안 나<br />\r\n이젠 네 안에서 나를 놓아주겠니<br />\r\n놓아주겠니 I&#39;m Trapped I&#39;m Trapped<br />\r\nI&#39;m Trapped Oh Ooh<br />\r\nI&#39;m Trapped Oh Ooh</p>\r\n\r\n<p>너와 난 이렇게<br />\r\n달라져 가는데<br />\r\n너의 끝이 없는 욕심에<br />\r\n그 욕심에</p>\r\n\r\n<p>너라는 새장에<br />\r\n작은 새장 안에 버려진 새<br />\r\n날아갈 수 조차 난 없는데<br />\r\n없는데 Yeah</p>\r\n\r\n<p>네 안에서 점점 난 약해져 가<br />\r\n늘 머물러 있는 이 사랑 안에 Oh 난<br />\r\nI&#39;m Trapped I&#39;m Trapped</p>\r\n\r\n<p>나는 지쳐가<br />\r\n나 혼자서만 꿈을 꾸고 있나봐<br />\r\n세게 흔들어 나를 깨워주겠니<br />\r\n깨워주겠니 I&#39;m Trapped I&#39;m Trapped<br />\r\n난 나를 잃어가<br />\r\n너 없인 나의 이름 조차 기억이 안 나<br />\r\n이젠 네 안에서 나를 놓아주겠니<br />\r\n놓아주겠니 I&#39;m Trapped I&#39;m Trapped<br />\r\nI&#39;m Trapped Oh Ooh<br />\r\nI&#39;m Trapped Yeah eah</p>\r\n\r\n<p>널 잊고 싶어 (널 잊고 싶어)<br />\r\n날아가고 싶어 (날아가고 싶어)<br />\r\n널 내려놓고 (널 내려놓고)<br />\r\n자유롭고 싶어 (자유롭고 싶어)</p>\r\n\r\n<p>나는 지쳐가<br />\r\n나 혼자서만 꿈을 꾸고 있나봐<br />\r\n세게 흔들어 나를 깨워주겠니<br />\r\n깨워주겠니 I&#39;m Trapped I&#39;m Trapped<br />\r\n난 나를 잃어가<br />\r\n너 없인 나의 이름 조차 기억이 안 나<br />\r\n이젠 네 안에서 나를 놓아주겠니<br />\r\n놓아주겠니 I&#39;m Trapped I&#39;m Trapped</p>\r\n\r\n<p>나는 지쳐가<br />\r\n나 혼자서만 꿈을 꾸고 있나봐<br />\r\n세게 흔들어 나를 깨워주겠니<br />\r\n깨워주겠니 I&#39;m Trapped I&#39;m Trapped<br />\r\n난 나를 잃어가<br />\r\n너 없인 나의 이름 조차 기억이 안 나<br />\r\n이젠 네 안에서 나를 놓아주겠니<br />\r\n놓아주겠니 I&#39;m Trapped I&#39;m Trapped<br />\r\nI&#39;m Trapped Oh Ooh Ooh</p>\r\n\r\n<p>Dịch sang Tiếng Việt</p>\r\n', '2021-08-12 10:24:39', 11, 'f1af272d318a2aef209ce13f004a74f1_1367136050-1-205488517685800.jpg', 1, '<iframe width=\"560\" height=\"315\" src=\"https://www.youtube.com/embed/IsXB5eRMRno\" title=\"YouTube video player\" frameborder=\"0\" allow=\"accelerometer; autoplay; clipboard-write; encrypted-media; gyroscope; picture-in-picture\" allowfullscreen></iframe>'),
(56, 'CROOKED', 'Song\r\n삐딱하게(Crooked)\r\nArtist\r\nG-DRAGON\r\nAlbum\r\nCOUP D\'ETAT\r\nLicensed to YouTube by\r\nYG Entertainment Inc. (Music) (on behalf of YG ENTERTAINMENT); ASCAP, LatinAutor - UMPG, UNIAO BRASILEIRA DE EDITORAS DE MUSICA - UBEM, UMPG Publishing, UMPI, LatinAutorPerf, CMRRA, and 15 Music Rights Societies', '<p>yeong wonhan geon jeoldae eobseo<br />\r\ngyeolguge neon byeon haetji<br />\r\niyudo eobseo jinshimi eobseo<br />\r\nsarang gateun<br />\r\nsori ttawin jibeo chyeo<br />\r\noneul bameun ppittag hage<br />\r\n<br />\r\nnae beoryeodwo<br />\r\neochapi nan honjayeotji<br />\r\namudo eobseo da uimi eobseo<br />\r\nsatang ballin wiro<br />\r\nttawin jibeo chyeo<br />\r\noneul bameun ppittag hage<br />\r\n<br />\r\nbeoreog beoreog sorichyeo<br />\r\nnaneun hyeongi jeung<br />\r\nnae shim shimpuri hwa puri<br />\r\nsangdaeneun dareun yeonindeul<br />\r\ngwaenhi shibi georeo<br />\r\ndongne yangachi cheoreom<br />\r\ngakkeum nan ppittag hage<br />\r\ndarireul ilbureo jeoreo<br />\r\ni sesangiran yeonghwa sog<br />\r\njuingongeun neowana<br />\r\ngal goseul ilhgo hemaeneun<br />\r\noeroun jeo seom hana<br />\r\nteong teong bin gil georireul<br />\r\ngadeug chaeun gireogideul<br />\r\nnae mamgwa dalli nalsshineun<br />\r\ncham deoreob gedo joha<br />\r\n<br />\r\nneo hana midgo manyang<br />\r\nhaengbog haesseotdeon naega<br />\r\nuseubge namgyeo jyeosseo<br />\r\nsaekki songarag geolgo<br />\r\nmaengse haesseotdeon nega<br />\r\ngyeolgugen<br />\r\n<br />\r\nyeong wonhan geon jeoldae eobseo<br />\r\ngyeolguge neon byeon haetji<br />\r\niyudo eobseo jinshimi eobseo<br />\r\nsarang gateun<br />\r\nsori ttawin jibeo chyeo<br />\r\noneul bameun ppittag hage<br />\r\n<br />\r\nnae beoryeodwo<br />\r\neochapi nan honjayeotji<br />\r\namudo eobseo da uimi eobseo<br />\r\nsatang ballin wiro<br />\r\nttawin jibeo chyeo<br />\r\noneul bameun ppittag hage<br />\r\n<br />\r\njiteun airain geutgo<br />\r\nseupeurei han tong da sseugo<br />\r\ngajug baji, gajug jaket<br />\r\ngeolchigo insang sseugo<br />\r\napeumeul sumgin chae<br />\r\napeuro deo bittureo jillae<br />\r\nnega mianhae jige<br />\r\nhaneureda chimeul kag<br />\r\ntubaghaejin nae maltuwa<br />\r\ngeochireojin nunbichi museowo neo<br />\r\nshireun na itji duryeo wojyeo<br />\r\ndoragago peunde gal de eobtgo<br />\r\nsarang hago peunde<br />\r\nsangdae eobtgo mwol eojjeorago<br />\r\ndori kil su eobt deorago<br />\r\n<br />\r\nneo hana midgo manyang<br />\r\nhaengbog haesseotdeon naega<br />\r\nuseubge namgyeo jyeosseo<br />\r\nsaekki songarag geolgo<br />\r\nmaengse haesseotdeon nega<br />\r\ngyeolgugen<br />\r\n<br />\r\nyeong wonhan geon jeoldae eobseo<br />\r\ngyeolguge neon byeon haetji<br />\r\niyudo eobseo jinshimi eobseo<br />\r\nsarang gateun<br />\r\nsori ttawin jibeo chyeo<br />\r\noneul bameun ppittag hage<br />\r\n<br />\r\nnae beoryeodwo<br />\r\neochapi nan honjayeotji<br />\r\namudo eobseo da uimi eobseo<br />\r\nsatang ballin wiro<br />\r\nttawin jibeo chyeo<br />\r\noneul bameun ppittag hage<br />\r\n<br />\r\noneul bameun nareul wihae<br />\r\namu mal mara jullaeyo<br />\r\nhonja in ge na ireohge himdeul<br />\r\njul mollat neunde<br />\r\n(geudaega bogo shipeo)<br />\r\noneul bam man nareul<br />\r\nwihae chinguga doe eojullaeyo<br />\r\ni joheun nal areumdaun<br />\r\nnal nega geuriun nal<br />\r\noneul bameun ppittag hage</p>\r\n', '2021-08-12 10:27:53', 11, 'erik-sau-tat-ca-1-1467793197-205472102916900.jpg', 2, '<iframe width=\"560\" height=\"315\" src=\"https://www.youtube.com/embed/RKhsHGfrFmY\" title=\"YouTube video player\" frameborder=\"0\" allow=\"accelerometer; autoplay; clipboard-write; encrypted-media; gyroscope; picture-in-picture\" allowfullscreen></iframe>'),
(57, '하루하루(HARU HARU)', 'Song\r\n흔들어 (Shake It) [Live]\r\nArtist\r\nBIGBANG\r\nAlbum\r\nGREAT\r\nLicensed to YouTube by\r\nYG Entertainment Inc. (Music) (on behalf of YG ENTERTAINMENT); LatinAutor - UMPG, UMPI, LatinAutorPerf, UNIAO BRASILEIRA DE EDITORAS DE MUSICA - UBEM, Sony ATV Publishing, UMPG Publishing, CMRRA, ASCAP, and 16 Music Rights Societies', '<p>YEAH<br />\r\nFINALLY I REALIZED<br />\r\nTHAT I&#39;M NOTHING WITHOUT YOU<br />\r\nI WAS SO WRONG<br />\r\nFORGIVE ME<br />\r\nAh Ah Ah Ah -<br />\r\n<br />\r\nPadocheoreom buswojin nae mam<br />\r\nBaramcheoreom heundeullineun nae mam<br />\r\nYeongicheoreom sarajin nae sarang<br />\r\nMunsincheoreom jiwojijiga anha<br />\r\nHansumman ttangi kkeojira swijyo<br />\r\nNae gaseumsogen meonjiman ssahijyo SAY GOODBYE<br />\r\nYEAH<br />\r\nNega eobsin dan harudo mot salgeotman gatatdeon na<br />\r\nSaenggakgwaneun dareugedo geureokjeoreok honja jal sara<br />\r\nBogosipdago bulleobwado neon amu daedabeobtjanha<br />\r\nHeotdoen gidae georeobwado ijen soyongeobtjanha<br />\r\nNe yeope inneun geu sarami mwonji hoksi neol ullijin annneunji<br />\r\nGeudae naega boigin haneunji beolsseo ssak da ijeonneunji<br />\r\nGeokjeongdwae dagagagijocha mareul geol su jocha eobseo aetaeugo<br />\r\nNa hollo gin bameul jisaeujyo subaekbeon jiwonaejyo<br />\r\nDorabojimalgo tteonagara tto nareul chatjimalgo saragara<br />\r\nNeoreul saranghaetgie huhoeeopgie johatdeon gieongman gajyeogara<br />\r\nGeureokjeoreok chamabolmanhae geureokjeoreok gyeondyeonaelmanhae<br />\r\nNeon geureolsurok haengbokhaeyadwae haruharu mudyeojyeogane<br />\r\n<br />\r\nOH GIRL CRY CRY<br />\r\nYO MY ALL (SAY GOODBYE)<br />\r\n<br />\r\nGireul geotda neowa na uri majuchindahaedo<br />\r\nMot boncheok hagoseo geudaero gadeongil gajwo<br />\r\nJakkuman yet saenggagi tteooreumyeon amado<br />\r\nNado mollae geudael chajagaljido molla<br />\r\nNeon neul geu saramgwa haengbokhage neon neul naega dareun mam an meokge<br />\r\nNeon neul jageun miryeondo an namgekkeum jal jinaejwo na borandeusi<br />\r\nNeon neul jeo haneulgachi hayake tteun gureumgwado gachi saeparake<br />\r\nNeon neul geureoke useojwo amu il eopdeusi<br />\r\nDorabojimalgo tteonagara tto nareul chatjimalgo saragara<br />\r\nNeoreul saranghaetgie huhoeeopgie johatdeon gieongman gajyeogara<br />\r\nGeureokjeoreok chamabolmanhae geureokjeoreok gyeondyeonaelmanhae<br />\r\nNeon geureolsurok haengbokhaeyadwae haruharu mudyeojyeogane<br />\r\nNareul tteonaseo mam pyeonhaejigil (nareul itgoseo saragajwo)<br />\r\nGeu nunmureun da mareulteni YEAH (haruharu jinamyeon)<br />\r\nCharari mannaji anhatdeoramyeon deol apeultende UM<br />\r\nYeongwonhi hamkkehajadeon geu yaksok ijen<br />\r\nChueoge mudeodugil barae baby neol wihae gidohae<br />\r\nDorabojimalgo tteonagara tto nareul chatjimalgo saragara<br />\r\nNeoreul saranghaetgie huhoeeopgie johatdeon gieongman gajyeogara<br />\r\nGeureokjeoreok chamabolmanhae geureokjeoreok gyeondyeonaelmanhae<br />\r\nNeon geureolsurok haengbokhaeyadwae haruharu mudyeojyeogane<br />\r\n<br />\r\nOH GIRL<br />\r\nI CRY CRY<br />\r\nYO MY ALL<br />\r\nSAY GOODBYE BYE<br />\r\nOH MY LOVE<br />\r\nDON&#39;T LIE LIE<br />\r\nYO MY HEART<br />\r\nSAY GOODBYE<br />\r\n......................</p>\r\n', '2021-08-12 10:41:41', 11, 'bc0df0639c8d8fd3e36cb7795e356c48_1296095413-205460179416600.jpg', 0, '<iframe width=\"560\" height=\"315\" src=\"https://www.youtube.com/embed/8OAQ6RuYFGE\" title=\"YouTube video player\" frameborder=\"0\" allow=\"accelerometer; autoplay; clipboard-write; encrypted-media; gyroscope; picture-in-picture\" allowfullscreen></iframe>'),
(58, '우리 사랑하지 말아요(LET\'S NOT FALL IN LOVE)', 'Song\r\nLET\'S NOT FALL IN LOVE\r\n\r\nArtist\r\nBIGBANG\r\n\r\nAlbum\r\nMADE\r\n\r\nLicensed to YouTube by\r\nYG Entertainment Inc. (Music) (on behalf of YG ENTERTAINMENT); SODRAC, UMPG Publishing, Sony ATV Publishing, ASCAP, Kobalt Music Publishing, UMPI, LatinAutor - UMPG, LatinAutorPerf, UNIAO BRASILEIRA DE EDITORAS DE MUSICA - UBEM, and 16 Music Rights Societies', '<p>u-ri sa-rang-ha-ji ma-ra-yo<br />\r\na-ji-geun jal mo-reu-ja-na-yo<br />\r\nsa-sil jo-geum-eun du-ryeo-un geo-ya<br />\r\ngeu-dae mi-an-hae-yo<br />\r\nu-ri yak-sok-a-ji ma-ra-yo<br />\r\nnae-i-reun tto mo-reu-ja-na-yo<br />\r\nha-ji-man i mal man-eun jin-sim-i-ya<br />\r\ngeu-dae jo-a-hae-yo</p>\r\n\r\n<p>a-mu-geot-do mut-ji ma-ra-yo<br />\r\ndae-da-pal su eop-seo-yo<br />\r\nji-geum i-reo-ke du-ri haeng-bok-an-de wae<br />\r\nnal ga-ji-ryeo ha-ji ma-ra-yo<br />\r\ngeu-jeo i-dae-ro jo-geum-man i-seo-yo<br />\r\ngal-su-rok deo ma-eum a-pa-ji-ge wae<br />\r\nja-jeun man-nam dwi-en i-byeol<br />\r\ngye-sok ban-bok-doe-neun sil-lyeon<br />\r\ndeo-neun ui-mi-reul cha-jeul su eop-seo<br />\r\neo-ri-seo-geun mi-ryeon<br />\r\nsa-rang-ui ta-reul sseun mistake<br />\r\nneu-kki-neun gam-jeong-eun da bi-seut-hae<br />\r\nha-ji-man i sun-gan-man-keum-eun<br />\r\nI want you to stay</p>\r\n\r\n<p>u-ri sa-rang-ha-ji ma-ra-yo<br />\r\na-ji-geun jal mo-reu-ja-na-yo<br />\r\nsa-sil jo-geum-eun du-ryeo-un geo-ya<br />\r\ngeu-dae mi-an-hae-yo<br />\r\nu-ri yak-sok-a-ji ma-ra-yo<br />\r\nnae-i-reun tto mo-reu-ja-na-yo<br />\r\nha-ji-man i mal man-eun jin-sim-i-ya<br />\r\ngeu-dae jo-a-hae-yo</p>\r\n\r\n<p>na-reul bo-myeo ut-ji ma-ra-yo<br />\r\njeong-deul-myeon seul-peo-jyeo-yo<br />\r\nye-ppeun geu mi-so-ga nun-mu-ri doel-kka bwa<br />\r\nsa-rang-i-ran du geul-ja so-ge<br />\r\nu-ril ga-du-ryeo-go ha-ji ma-ra-yo<br />\r\nchae-u-ji mo-tal lyok-sim-i-ni-kka<br />\r\ncheo-eum-en seol-lem-eul ran-go<br />\r\nban-eun go-min-eul ran-go<br />\r\nkkeu-ten seo-ro ui-ri-ro-na-ma ji-nae<br />\r\nsi-haeng-cha-go<br />\r\nnan ha-ru-ha-ru-ga bu-ran-hae<br />\r\nne geu sun-su-ham-i bu-dam-dwae<br />\r\nha-ji-man o-neul bam-man-keum-eun<br />\r\nI want you to stay</p>\r\n\r\n<p>nae-ge neo-mu ma-neun geol ba-ra-ji-ma<br />\r\nna-do geu-dael ril-ko sip-jin a-na<br />\r\ngi-peo-ji-gi jeon-e sang-cheo ip-gi jeon-e<br />\r\nnal mit-ji ma-ra-yo<br />\r\nneon hang-sang geu-rae<br />\r\ni-gi-jeo-gin sae</p>\r\n\r\n<p>u-ri sa-rang-ha-ji ma-ra-yo<br />\r\na-ji-geun jal mo-reu-ja-na-yo<br />\r\nsa-sil jo-geum-eun du-ryeo-un geo-ya<br />\r\ngeu-dae mi-an-hae-yo<br />\r\nu-ri yak-sok-a-ji ma-ra-yo<br />\r\nnae-i-reun tto mo-reu-ja-na-yo<br />\r\nha-ji-man i mal man-eun jin-sim-i-ya<br />\r\ngeu-dae jo-a-hae-yo</p>\r\n', '2021-08-12 10:45:41', 11, '1538549680324_640-205449799109500.jpg', 2, '<iframe width=\"560\" height=\"315\" src=\"https://www.youtube.com/embed/9jTo6hTZmiQ\" title=\"YouTube video player\" frameborder=\"0\" allow=\"accelerometer; autoplay; clipboard-write; encrypted-media; gyroscope; picture-in-picture\" allowfullscreen></iframe>'),
(59, 'This Love', '드라마 ‘태양의 후예(Descendants of The Sun‬)’ OST Part.3 - 이 사랑 (다비치(DAVICHI))', '<p>If I turn back time Will the memories get erased too? I know I&rsquo;m saying things That I can&rsquo;t even do I&rsquo;m just saying this out of guilt For making things hard for you For making you live in tears But for me I can&rsquo;t live outside of you For me, only times that are colored by you Are passing by I love you, I thank you For holding me so warmly I can live because of this love I guess love is like that No matter what you say It doesn&rsquo;t feel like it&rsquo;s filling up Even if I think it&rsquo;s just my greed These feelings won&rsquo;t go away easily You know, for me I can&rsquo;t live outside of you For me, only times that are colored by you Are passing by I love you, I thank you For holding me so warmly I can live because of this love If I go back, will I be able to endure it? All those hard times? When I see you, who isn&rsquo;t shaking My lips tremble You know, for me I can&rsquo;t live outside of you For me, only times that are colored by you Are passing by I love you, I thank you For holding me so warmly I can live because of this love I can live because of this love 시간을 되돌리면 기억도 지워질까 해볼 수도 없는 말들을 내뱉는 걸 알아 널 힘들게 했고 눈물로 살게 했던 미안한 마음에 그런 거야 하지만 난 말야 너의 밖에선 살 수 없어 내겐 너 하나로 물든 시간만이 흘러갈 뿐이야 사랑해요 고마워요 따뜻하게 나를 안아줘 이 사랑 때매 나는 살 수 있어 사랑은 그런가봐 무슨 말을 해봐도 채워지지 않은 것 같은 마음이 드나봐 내 욕심이라고 다시 생각을 해봐도 그 마음 쉽게 사라지지 않아 알잖아 난 말야 너의 밖에선 살 수 없어 내겐 너 하나로 물든 시간만이 흘러갈 뿐이야 사랑해요 고마워요 따뜻하게 나를 안아줘 이 사랑 때매 나는 살 수 있어 돌아가도 다시 견딜 수 있을까 너무 힘들던 시간들 흔들리지 않은 너를 볼 때면 떨리는 내 입술이 두루루 두루루 알잖아 난 말야 너의 밖에선 살 수 없어 내겐 너 하나로 물든 시간만이 흘러갈 뿐이야 사랑해요 고마워요 따뜻하게 나를 안아줘 이 사랑 때매 나는 살 수 있어 사랑 때매 나는 살 수 있어</p>\r\n', '2021-08-12 10:47:38', 11, '1494842845652_640-205438905522100.jpg', 1, '<iframe width=\"560\" height=\"315\" src=\"https://www.youtube.com/embed/XyzaMpAVm3s\" title=\"YouTube video player\" frameborder=\"0\" allow=\"accelerometer; autoplay; clipboard-write; encrypted-media; gyroscope; picture-in-picture\" allowfullscreen></iframe>');

-- --------------------------------------------------------

--
-- Cấu trúc bảng cho bảng `users`
--

CREATE TABLE `users` (
  `id` int(11) NOT NULL,
  `username` varchar(255) COLLATE utf8_unicode_ci NOT NULL,
  `password` varchar(255) COLLATE utf8_unicode_ci NOT NULL,
  `fullname` varchar(255) COLLATE utf8_unicode_ci NOT NULL
) ENGINE=InnoDB DEFAULT CHARSET=utf8 COLLATE=utf8_unicode_ci;

--
-- Đang đổ dữ liệu cho bảng `users`
--

INSERT INTO `users` (`id`, `username`, `password`, `fullname`) VALUES
(1, 'admin', 'e10adc3949ba59abbe56e057f20f883e', 'Nguyễn Văn C'),
(2, 'vinaenter', 'e10adc3949ba59abbe56e057f20f883e', 'VinaEnter EDU'),
(3, 'mod', 'e10adc3949ba59abbe56e057f20f883e', 'Mod hệ thống'),
(10, 'abc', 'e10adc3949ba59abbe56e057f20f883e', 'Nguyễn Bảo Trung'),
(14, 'xuan', 'e10adc3949ba59abbe56e057f20f883e', 'Lionel Messi'),
(15, 'real', 'e10adc3949ba59abbe56e057f20f883e', 'Cristiano Ronaldo'),
(16, 'arsenal', 'e10adc3949ba59abbe56e057f20f883e', 'neymar');

--
-- Chỉ mục cho các bảng đã đổ
--

--
-- Chỉ mục cho bảng `categories`
--
ALTER TABLE `categories`
  ADD PRIMARY KEY (`id`);

--
-- Chỉ mục cho bảng `contacts`
--
ALTER TABLE `contacts`
  ADD PRIMARY KEY (`id`);

--
-- Chỉ mục cho bảng `songs`
--
ALTER TABLE `songs`
  ADD PRIMARY KEY (`id`),
  ADD KEY `fk_songs_categories` (`id_cat`);

--
-- Chỉ mục cho bảng `users`
--
ALTER TABLE `users`
  ADD PRIMARY KEY (`id`);

--
-- AUTO_INCREMENT cho các bảng đã đổ
--

--
-- AUTO_INCREMENT cho bảng `categories`
--
ALTER TABLE `categories`
  MODIFY `id` int(11) NOT NULL AUTO_INCREMENT, AUTO_INCREMENT=14;

--
-- AUTO_INCREMENT cho bảng `contacts`
--
ALTER TABLE `contacts`
  MODIFY `id` int(11) NOT NULL AUTO_INCREMENT, AUTO_INCREMENT=16;

--
-- AUTO_INCREMENT cho bảng `songs`
--
ALTER TABLE `songs`
  MODIFY `id` int(11) NOT NULL AUTO_INCREMENT, AUTO_INCREMENT=60;

--
-- AUTO_INCREMENT cho bảng `users`
--
ALTER TABLE `users`
  MODIFY `id` int(11) NOT NULL AUTO_INCREMENT, AUTO_INCREMENT=17;

--
-- Các ràng buộc cho các bảng đã đổ
--

--
-- Các ràng buộc cho bảng `songs`
--
ALTER TABLE `songs`
  ADD CONSTRAINT `fk_songs_categories` FOREIGN KEY (`id_cat`) REFERENCES `categories` (`id`);
COMMIT;

/*!40101 SET CHARACTER_SET_CLIENT=@OLD_CHARACTER_SET_CLIENT */;
/*!40101 SET CHARACTER_SET_RESULTS=@OLD_CHARACTER_SET_RESULTS */;
/*!40101 SET COLLATION_CONNECTION=@OLD_COLLATION_CONNECTION */;
